Symbol,Current Price,Date,Time,Change,Open,High,Low,Volume,Trade Date,Purchase Price,Quantity,Commission,High Limit,Low Limit,Comment
MARUTI.NS,11502.85,2024/10/25,15:30 IST,-260.8506,11763.6,11794.3,11440.0,624461,,,,,,,
8591.T,3172.0,2024/10/25,15:15 JST,-45.0,3180.0,3197.0,3158.0,2761600,,,,,,,
LPPF.JK,1605.0,2024/10/25,16:14 WIB,-55.0,1660.0,1665.0,1615.0,2676500,,,,,,,
NY1.JO,3899.0,2024/10/25,15:03 SAST,29.0,3870.0,3901.0,3840.0,1193032,,,,,,,
ENELCHILE.SN,52.66,2024/10/25,09:31 CLST,0.15999985,52.66,52.66,52.66,79775,,,,,,,
DPG.VN,57300.0,2024/10/25,14:45 ICT,200.0,56900.0,58200.0,56900.0,951200,,,,,,,
6301.T,3921.0,2024/10/25,15:15 JST,-15.0,3914.0,3944.0,3905.0,1679000,,,,,,,
TVS.VN,21750.0,2024/10/25,14:45 ICT,-50.0,21700.0,21800.0,21500.0,66200,,,,,,,
ARI.JO,18156.0,2024/10/25,15:06 SAST,67.0,18034.0,18156.0,17719.0,222790,,,,,,,
PBID.JK,486.0,2024/10/25,16:13 WIB,4.0,482.0,486.0,482.0,367600,,,,,,,
028050.KS,18420.0,2024/10/25,15:30 KST,-1400.0,19750.0,19900.0,18190.0,2889389,,,,,,,
BMTR.JK,224.0,2024/10/25,16:06 WIB,-2.0,226.0,226.0,222.0,7774400,,,,,,,
6954.T,3887.0,2024/10/25,15:15 JST,31.0,3871.0,3904.0,3855.0,3358800,,,,,,,
LINK.JK,1320.0,2024/10/25,15:24 WIB,5.0,1315.0,1350.0,1315.0,8200,,,,,,,
AXISBANK.BO,1187.65,2024/10/25,15:54 IST,19.700073,1182.0,1201.1,1170.3,320685,,,,,,,
AXISBANK.NS,1189.35,2024/10/25,15:29 IST,22.0,1187.0,1201.75,1170.0,12798222,,,,,,,
298040.KS,392000.0,2024/10/25,15:30 KST,3000.0,393000.0,408500.0,384500.0,87967,,,,,,,
BIC.VN,31350.0,2024/10/25,14:45 ICT,150.0,31300.0,31450.0,31200.0,20900,,,,,,,
8801.T,1308.5,2024/10/25,15:15 JST,-10.5,1307.5,1318.5,1305.5,4836900,,,,,,,
MMLP.JK,525.0,2024/10/25,16:14 WIB,25.0,505.0,530.0,498.0,3450100,,,,,,,
TXN.MX,4030.0,2024/10/24,07:52 CST,0.0,4030.0,4030.0,4030.0,35,,,,,,,
FXICL.SN,29400.0,2024/10/17,13:47 CLST,8700.0,0.0,29400.0,29400.0,0,,,,,,,
ISRG.MX,10420.0,2024/10/21,10:15 CST,0.0,10368.2,10420.0,10420.0,0,,,,,,,
JARR.JK,314.0,2024/10/25,16:12 WIB,8.0,306.0,338.0,306.0,46237900,,,,,,,
N91.JO,3895.0,2024/10/25,15:03 SAST,30.0,3893.0,3895.0,3836.0,2754692,,,,,,,
CBUT.JK,1190.0,2024/10/25,14:59 WIB,-35.0,1250.0,1250.0,1190.0,300,,,,,,,
5108.T,5461.0,2024/10/25,15:15 JST,-101.0,5512.0,5538.0,5461.0,1419500,,,,,,,
348370.KQ,180400.0,2024/10/25,15:30 KST,1100.0,184300.0,186700.0,179400.0,95819,,,,,,,
DBD.VN,50200.0,2024/10/25,14:45 ICT,1200.0,49000.0,51400.0,49000.0,1331000,,,,,,,
CAT.MX,7751.0,2024/10/22,13:55 CST,0.0,7729.79,7751.0,7751.0,0,,,,,,,
0R2V.IL,241.0,2024/10/25,10:59 BST,11.0,230.03,241.0,228.72,7566,,,,,,,
TBS.JO,23800.0,2024/10/25,15:05 SAST,134.0,23595.0,23953.0,23568.0,45966,,,,,,,
QCOM.MX,3358.99,2024/10/24,13:50 CST,0.0,3358.99,3358.99,3358.99,36,,,,,,,
MZTF.TA,14650.0,2024/10/22,14:24 IDT,0.0,14930.0,14940.0,14650.0,308744,,,,,,,
AXP.MX,5379.6,2024/10/24,10:51 CST,0.0,5379.6,5379.6,5379.6,18,,,,,,,
WALM34.SA,29.48,2024/10/25,10:01 BRT,-0.010000229,29.48,29.48,29.48,3,,,,,,,
005940.KS,13540.0,2024/10/25,15:30 KST,30.0,13490.0,13740.0,13420.0,398813,,,,,,,
0QFP.IL,11005.392,2024/10/18,16:45 BST,5965.3916,0.0,11005.392,11005.392,255000,,,,,,,
LLOYL.XC,59.32,2024/10/25,14:21 BST,-2.7600021,62.4,62.48,59.24,38090549,,,,,,,
ARKO.JK,1120.0,2024/10/25,16:10 WIB,75.0,1045.0,1120.0,1045.0,736600,,,,,,,
271560.KS,96800.0,2024/10/25,15:30 KST,-1900.0,98700.0,98700.0,96500.0,85931,,,,,,,
214150.KQ,53000.0,2024/10/25,15:30 KST,2000.0,51100.0,53500.0,50000.0,519530,,,,,,,
AGR.VN,17600.0,2024/10/25,14:45 ICT,100.0,17650.0,17700.0,17500.0,342600,,,,,,,
AMAR.JK,212.0,2024/10/25,16:09 WIB,-2.0,214.0,216.0,210.0,537000,,,,,,,
GACB.L,122.55545,2024/10/25,12:20 BST,0.0,122.55545,122.55545,122.55545,25000,,,,,,,
NTPC.BO,398.85,2024/10/25,15:50 IST,-12.899994,402.5,407.6,391.7,763427,,,,,,,
NTPC.NS,398.9,2024/10/25,15:30 IST,-13.0,402.5,407.5,391.6,19637558,,,,,,,
8002.T,2315.0,2024/10/25,15:15 JST,-23.0,2315.5,2334.5,2297.5,3601700,,,,,,,
TGSU2.BA,5160.0,2024/10/24,16:59 ART,180.0,4950.0,5200.0,4940.0,224013,,,,,,,
NOWW.MX,18869.28,2024/10/24,13:30 CST,0.0,18869.28,18869.28,18869.28,153,,,,,,,
PDN.VN,105000.0,2024/10/25,14:04 ICT,-6200.0,110000.0,110000.0,105000.0,2200,,,,,,,
8053.T,3204.0,2024/10/25,15:15 JST,-28.0,3211.0,3232.0,3188.0,1873500,,,,,,,
BA.L,1293.0,2024/10/25,14:06 BST,-11.5,1299.5,1303.5,1288.0,1160672,,,,,,,
BAL.XC,1296.0,2024/10/25,14:19 BST,-9.5,1300.0,1303.5,1288.5,354542,,,,,,,
GE.MX,3580.0,2024/10/24,11:31 CST,0.0,3580.0,3580.0,3580.0,36,,,,,,,
SGRO.JK,2150.0,2024/10/25,15:32 WIB,10.0,2100.0,2170.0,2100.0,86000,,,,,,,
011170.KS,91300.0,2024/10/25,15:30 KST,200.0,91700.0,91700.0,90400.0,58946,,,,,,,
0700.HK,421.0,2024/10/25,16:08 HKT,-1.0,427.6,427.6,418.6,11951879,,,,,,,
KAEF.JK,700.0,2024/10/25,16:14 WIB,-5.0,705.0,725.0,695.0,994900,,,,,,,
307950.KS,142300.0,2024/10/25,15:30 KST,2600.0,141000.0,144600.0,139800.0,57386,,,,,,,
KIJA.JK,191.0,2024/10/25,16:14 WIB,-1.0,192.0,197.0,189.0,145154100,,,,,,,
PPC.VN,12300.0,2024/10/25,14:45 ICT,-100.0,12400.0,12450.0,12300.0,245800,,,,,,,
241560.KS,37800.0,2024/10/25,15:30 KST,-1350.0,39150.0,39150.0,37700.0,444387,,,,,,,
RDTX.JK,14700.0,2024/10/25,14:00 WIB,0.0,14700.0,14700.0,14700.0,100,,,,,,,
YULE.JK,2500.0,2024/10/24,09:00 WIB,0.0,2500.0,2500.0,2500.0,35300,,,,,,,
MTM.JO,2829.0,2024/10/25,15:06 SAST,-32.0,2810.0,2868.0,2810.0,581014,,,,,,,
SONA.JK,6000.0,2024/10/25,16:10 WIB,1170.0,5000.0,6025.0,5000.0,350400,,,,,,,
CMPC.SN,1592.9,2024/10/24,16:00 CLST,0.0,0.0,1592.9,1592.9,306,,,,,,,
078935.KS,38600.0,2024/10/25,15:30 KST,-50.0,38550.0,38750.0,38550.0,9118,,,,,,,
078930.KS,42050.0,2024/10/25,15:30 KST,0.0,42300.0,42350.0,41800.0,90507,,,,,,,
003230.KS,529000.0,2024/10/25,15:30 KST,-9000.0,542000.0,544000.0,525000.0,47206,,,,,,,
097950.KS,269500.0,2024/10/25,15:30 KST,-4500.0,272500.0,274000.0,267500.0,38638,,,,,,,
UCID.JK,965.0,2024/10/25,16:00 WIB,-5.0,965.0,970.0,960.0,123900,,,,,,,
MCM.VN,36200.0,2024/10/25,14:28 ICT,50.0,36100.0,36450.0,36050.0,32500,,,,,,,
PTB.VN,59000.0,2024/10/25,14:45 ICT,200.0,58800.0,59500.0,58800.0,58300,,,,,,,
097955.KS,132600.0,2024/10/25,15:30 KST,-1300.0,133800.0,133800.0,131500.0,4494,,,,,,,
6273.T,62980.0,2024/10/25,15:15 JST,700.0,62000.0,62980.0,62000.0,162500,,,,,,,
HOG.BA,12475.0,2024/10/24,16:58 ART,-1000.0,13150.0,13275.0,12375.0,1292,,,,,,,
ABT.MX,2312.0,2024/10/22,12:09 CST,0.0,2312.0,2312.0,2312.0,1,,,,,,,
TRU.JO,10701.0,2024/10/25,15:05 SAST,0.0,10568.0,10734.0,10568.0,762053,,,,,,,
PM.MX,2554.0,2024/10/22,09:54 CST,0.0,2554.0,2554.0,2554.0,0,,,,,,,
GMTD.JK,4020.0,2024/10/25,16:00 WIB,30.0,3990.0,4030.0,3990.0,900,,,,,,,
CELSIA.CL,3785.0,2024/10/23,15:59 EDT,0.0,0.0,0.0,0.0,0,,,,,,,
TUGU.JK,1135.0,2024/10/25,16:14 WIB,0.0,1135.0,1140.0,1130.0,2892700,,,,,,,
022100.KS,26450.0,2024/10/25,15:30 KST,0.0,26850.0,27150.0,26150.0,229910,,,,,,,
6146.T,37700.0,2024/10/25,15:15 JST,100.0,37230.0,38180.0,37190.0,4839600,,,,,,,
302440.KS,52300.0,2024/10/25,15:30 KST,-4400.0,56100.0,56100.0,52000.0,236070,,,,,,,
088980.KS,11770.0,2024/10/25,15:30 KST,20.0,11720.0,11770.0,11680.0,751510,,,,,,,
MBAP.JK,3340.0,2024/10/25,16:13 WIB,-40.0,3380.0,3380.0,3300.0,101300,,,,,,,
EXX.JO,17063.0,2024/10/25,15:06 SAST,188.0,16927.0,17068.0,16727.0,193707,,,,,,,
IBM.MX,4439.99,2024/10/24,13:41 CST,0.0,4300.0,4439.99,4439.99,131,,,,,,,
SAMF.JK,805.0,2024/10/25,14:03 WIB,5.0,800.0,805.0,800.0,11900,,,,,,,
STG.VN,42000.0,2024/10/25,13:35 ICT,-3000.0,42000.0,42000.0,42000.0,400,,,,,,,
SNT.JO,36748.0,2024/10/25,14:42 SAST,418.0,36173.0,36748.0,35991.0,5862,,,,,,,
GEG.VN,11500.0,2024/10/25,14:45 ICT,0.0,11500.0,11550.0,11450.0,316000,,,,,,,
MARK.JK,1100.0,2024/10/25,16:07 WIB,-10.0,1110.0,1145.0,1085.0,20933300,,,,,,,
LLOY.L,59.253,2024/10/25,14:06 BST,-2.9470024,62.38,62.52,59.24,127018366,,,,,,,
TLG.VN,52600.0,2024/10/25,14:45 ICT,-100.0,53400.0,53400.0,52600.0,64500,,,,,,,
128940.KS,330500.0,2024/10/25,15:30 KST,-2500.0,338000.0,338000.0,327000.0,94167,,,,,,,
VICI.JK,625.0,2024/10/25,15:44 WIB,0.0,620.0,625.0,615.0,76800,,,,,,,
BISI.JK,1400.0,2024/10/25,16:00 WIB,5.0,1395.0,1400.0,1390.0,252400,,,,,,,
016360.KS,47150.0,2024/10/25,15:30 KST,50.0,47100.0,48450.0,46800.0,379951,,,,,,,
TBLA.JK,700.0,2024/10/25,16:11 WIB,-5.0,705.0,715.0,695.0,5176500,,,,,,,
036570.KS,213500.0,2024/10/25,15:30 KST,3000.0,210500.0,221000.0,210000.0,135749,,,,,,,
GS.MX,10311.0,2024/10/24,10:14 CST,0.0,10311.0,10311.0,10311.0,10,,,,,,,
NICE.TA,67500.0,2024/10/22,14:24 IDT,0.0,67840.0,67840.0,67130.0,100691,,,,,,,
ADBE.MX,9585.0,2024/10/24,12:48 CST,0.0,9533.01,9585.0,9585.0,3361,,,,,,,
CPG.L,2502.0,2024/10/25,14:06 BST,7.0,2488.0,2505.0,2488.0,315010,,,,,,,
SANB.L,136.774,2024/10/25,12:19 BST,0.27400208,136.8,136.8,136.774,14633,,,,,,,
CPGL.XC,2503.5,2024/10/25,14:21 BST,9.5,2491.0,2506.5,2491.0,133996,,,,,,,
CARE.JK,127.0,2024/10/25,16:01 WIB,-2.0,128.0,133.0,127.0,34040600,,,,,,,
6178.T,1369.0,2024/10/25,15:15 JST,-5.0,1366.0,1373.5,1356.0,4023400,,,,,,,
BAJFINANCE.BO,6907.6,2024/10/25,15:40 IST,-133.0,7045.0,7058.3,6895.35,33106,,,,,,,
BAJFINANCE.NS,6910.15,2024/10/25,15:29 IST,-130.75,7040.9,7059.95,6893.3,1022200,,,,,,,
032640.KS,9960.0,2024/10/25,15:30 KST,40.0,9950.0,9970.0,9900.0,571919,,,,,,,
MNCN.JK,324.0,2024/10/25,16:14 WIB,-4.0,328.0,332.0,324.0,37717000,,,,,,,
GJTL.JK,1230.0,2024/10/25,16:14 WIB,-15.0,1250.0,1270.0,1230.0,16459400,,,,,,,
4543.T,2906.0,2024/10/25,15:15 JST,-9.5,2889.5,2908.0,2878.0,2470500,,,,,,,
MCD.MX,5993.83,2024/10/24,12:41 CST,0.0,5921.87,5993.83,5993.83,159,,,,,,,
4901.T,3602.0,2024/10/25,15:15 JST,-25.0,3600.0,3611.0,3556.0,2615400,,,,,,,
0Z4S.IL,428.2,2024/10/25,11:38 BST,6.8000183,422.0,428.2,418.8,24366,,,,,,,
454910.KS,66200.0,2024/10/25,15:30 KST,400.0,65800.0,67000.0,65000.0,238437,,,,,,,
ASRI.JK,214.0,2024/10/25,16:13 WIB,-6.0,220.0,232.0,214.0,99882900,,,,,,,
ANV.VN,32550.0,2024/10/25,14:45 ICT,-300.0,32900.0,33000.0,32550.0,647500,,,,,,,
161390.KS,35550.0,2024/10/25,15:30 KST,-650.0,36200.0,36800.0,35400.0,265975,,,,,,,
GACA.L,140.21,2024/10/25,13:02 BST,0.010009766,140.5,140.5,140.21,49901,,,,,,,
029780.KS,41000.0,2024/10/25,15:30 KST,350.0,40700.0,41200.0,40550.0,43258,,,,,,,
TMO.MX,11372.9,2024/10/23,11:57 CST,0.0,11138.41,11372.9,11372.9,4,,,,,,,
PAMP.BA,3235.0,2024/10/24,16:59 ART,70.0,3175.0,3240.0,3140.0,846781,,,,,,,
MSFT.NE,31.15,2024/10/24,15:59 EDT,0.069999695,31.18,31.18,30.95,132472,,,,,,,
010620.KS,110500.0,2024/10/25,15:30 KST,1700.0,109400.0,112800.0,108100.0,263182,,,,,,,
WFC.MX,1295.0,2024/10/24,13:44 CST,0.0,1286.99,1295.0,1295.0,34,,,,,,,
HT1.VN,11500.0,2024/10/25,14:45 ICT,-150.0,11700.0,11700.0,11500.0,469200,,,,,,,
CSCO.MX,1109.0,2024/10/24,13:55 CST,7.839966,1110.0,1109.0,1109.0,4433,,,,,,,
SUNPHARMA.NS,1860.4,2024/10/25,15:29 IST,11.5,1856.8,1875.6,1850.1,2147984,,,,,,,
SUNPHARMA.BO,1860.25,2024/10/25,15:30 IST,11.199951,1852.5,1875.0,1852.5,101033,,,,,,,
071050.KS,79200.0,2024/10/25,15:30 KST,1600.0,78000.0,79900.0,77300.0,168571,,,,,,,
071055.KS,53600.0,2024/10/25,15:30 KST,1300.0,52000.0,53800.0,52000.0,20646,,,,,,,
MPMX.JK,1030.0,2024/10/25,16:08 WIB,-5.0,1035.0,1040.0,1035.0,1930800,,,,,,,
HAH.VN,42050.0,2024/10/25,14:45 ICT,600.0,41600.0,42250.0,41200.0,1616800,,,,,,,
GRT.JO,1328.0,2024/10/25,15:05 SAST,-13.0,1347.0,1347.0,1322.0,2502243,,,,,,,
LILY34.SA,170.07,2024/10/25,10:03 BRT,2.5900116,170.07,170.07,169.82,937,,,,,,,
AVGO34.SA,14.16,2024/10/25,10:05 BRT,0.28999996,14.05,14.19,14.05,22562,,,,,,,
TMN.MX,3395.0,2024/10/23,13:52 CST,0.0,3395.0,3395.0,3395.0,1,,,,,,,
GOLF.JK,232.0,2024/10/25,16:11 WIB,6.0,226.0,236.0,224.0,23421600,,,,,,,
BX.MX,3352.67,2024/10/24,10:36 CST,0.0,3352.67,3352.67,3352.67,21,,,,,,,
LT.NS,3326.4,2024/10/25,15:30 IST,-116.25,3425.0,3435.0,3315.05,3236710,,,,,,,
LT.BO,3327.8,2024/10/25,15:47 IST,-115.30005,3434.95,3434.95,3315.15,233225,,,,,,,
MS.MX,2400.0,2024/10/18,13:29 CST,0.0,0.0,2400.0,2400.0,0,,,,,,,
141080.KQ,126000.0,2024/10/25,15:30 KST,-5000.0,131000.0,131000.0,124000.0,462715,,,,,,,
251270.KS,56000.0,2024/10/25,15:30 KST,-200.0,56300.0,57000.0,55500.0,67886,,,,,,,
006805.KS,4270.0,2024/10/25,15:30 KST,15.0,4260.0,4280.0,4245.0,7767,,,,,,,
ACNN.MX,7247.14,2024/10/24,13:29 CST,0.0,7247.14,7247.14,7247.14,200,,,,,,,
011070.KS,172300.0,2024/10/25,15:30 KST,-3700.0,176200.0,176900.0,171200.0,314251,,,,,,,
TCM.VN,45100.0,2024/10/25,14:45 ICT,-350.0,45450.0,45500.0,44650.0,1099900,,,,,,,
010120.KS,149500.0,2024/10/25,15:30 KST,400.0,149900.0,158900.0,149200.0,407513,,,,,,,
UGP.BA,4285.0,2024/10/24,16:58 ART,45.0,4230.0,4285.0,4200.0,365,,,,,,,
BDKR.JK,985.0,2024/10/25,16:14 WIB,15.0,965.0,985.0,965.0,20606500,,,,,,,
7751.T,4959.0,2024/10/25,15:15 JST,-80.0,4850.0,4988.0,4787.0,6719200,,,,,,,
TSLA34.SA,45.5,2024/10/25,10:06 BRT,-0.5,45.62,45.69,45.39,85835,,,,,,,
MCG.JO,11008.0,2024/10/25,15:02 SAST,-32.0,11096.0,11150.0,10985.0,79220,,,,,,,
VDS.VN,19850.0,2024/10/25,14:45 ICT,200.0,19650.0,19900.0,19550.0,952200,,,,,,,
PEP.MX,3447.0,2024/10/23,11:47 CST,0.0,3456.0,3447.0,3447.0,0,,,,,,,
QLT.JO,3345.0,2024/10/25,14:59 SAST,12.0,3350.0,3358.0,3319.0,188701,,,,,,,
AZNN.MX,1488.31,2024/10/23,11:58 CST,0.0,1488.31,1488.31,1488.31,128,,,,,,,
RR.L,559.0,2024/10/25,14:06 BST,4.200012,552.0,563.6,552.0,4682070,,,,,,,
NVDA.NE,32.93,2024/10/24,15:59 EDT,0.17000198,33.06,33.13,32.48,781296,,,,,,,
021240.KS,65500.0,2024/10/25,15:30 KST,-300.0,65800.0,68200.0,65100.0,95606,,,,,,,
RRL.XC,560.0,2024/10/25,14:21 BST,5.5999756,553.2,563.4,553.2,1579281,,,,,,,
SHELL.PR,775.6,2024/10/24,10:19 CEST,0.0,775.6,775.6,775.6,230,,,,,,,
AIL.JO,746.0,2024/10/25,15:06 SAST,7.0,749.0,760.0,726.0,148138,,,,,,,
6503.T,2301.5,2024/10/25,15:15 JST,-31.0,2321.0,2326.5,2281.5,5388900,,,,,,,
HEXA.JK,5700.0,2024/10/25,16:14 WIB,25.0,5675.0,5750.0,5675.0,557200,,,,,,,
TSMC34.SA,142.31,2024/10/25,10:06 BRT,1.5599976,142.2,143.09,142.2,335,,,,,,,
TMP.VN,68700.0,2024/10/24,09:15 ICT,-200.0,68700.0,68700.0,68700.0,100,,,,,,,
GRUBOLIVAR.CL,61000.0,2024/10/24,12:02 EDT,-500.0,0.0,0.0,0.0,0,,,,,,,
CHP.VN,32900.0,2024/10/25,13:30 ICT,0.0,32900.0,32900.0,32900.0,5000,,,,,,,
PNIN.JK,1190.0,2024/10/25,16:12 WIB,-30.0,1225.0,1230.0,1190.0,6270600,,,,,,,
CRH.L,7134.0,2024/10/25,14:03 BST,106.0,7088.0,7152.0,7056.0,92973,,,,,,,
CRHL.XC,7130.0,2024/10/25,14:20 BST,107.0,7090.0,7150.0,7052.0,38942,,,,,,,
AAPL.NE,33.86,2024/10/24,15:57 EDT,0.010002136,33.75,33.88,33.53,62960,,,,,,,
VSC.VN,16650.0,2024/10/25,14:45 ICT,50.0,16650.0,16800.0,16600.0,858700,,,,,,,
7182.T,1341.0,2024/10/25,15:15 JST,-2.5,1343.5,1349.0,1330.5,5421300,,,,,,,
BAF.VN,22650.0,2024/10/25,14:45 ICT,50.0,22650.0,22700.0,22350.0,2648800,,,,,,,
MASB.JK,3470.0,2024/10/25,14:13 WIB,10.0,3460.0,3480.0,3470.0,17500,,,,,,,
OMED.JK,177.0,2024/10/25,16:09 WIB,-1.0,179.0,180.0,177.0,2704500,,,,,,,
011790.KS,140000.0,2024/10/25,15:30 KST,-1600.0,143200.0,145000.0,139600.0,146908,,,,,,,
4578.T,9036.0,2024/10/25,15:15 JST,-159.0,9170.0,9180.0,8982.0,826500,,,,,,,
NGL.XC,998.0,2024/10/25,14:21 BST,-10.75,1006.0,1007.0,998.0,595855,,,,,,,
ORS.VN,14150.0,2024/10/25,14:45 ICT,50.0,14100.0,14200.0,13900.0,5448000,,,,,,,
NG.L,1000.0,2024/10/25,14:06 BST,-7.0,1002.5,1007.0,999.6,4174271,,,,,,,
00680K.KS,4030.0,2024/10/25,15:30 KST,10.0,4020.0,4045.0,4005.0,221596,,,,,,,
TOBA.JK,600.0,2024/10/25,16:14 WIB,-25.0,630.0,660.0,600.0,172133800,,,,,,,
SAME.JK,286.0,2024/10/25,16:12 WIB,-2.0,290.0,290.0,284.0,1016600,,,,,,,
MSTI.JK,1550.0,2024/10/25,16:00 WIB,-30.0,1580.0,1600.0,1555.0,495100,,,,,,,
BPII.JK,498.0,2024/10/25,15:27 WIB,-2.0,500.0,500.0,496.0,504000,,,,,,,
HDC.VN,27200.0,2024/10/25,14:45 ICT,150.0,27050.0,27700.0,27000.0,5115300,,,,,,,
005945.KS,12040.0,2024/10/25,15:30 KST,-10.0,12050.0,12060.0,12010.0,34372,,,,,,,
TFG.JO,14930.0,2024/10/25,15:04 SAST,48.0,14881.0,15015.0,14785.0,641069,,,,,,,
PAN.VN,23600.0,2024/10/25,14:45 ICT,100.0,23650.0,23700.0,23400.0,556100,,,,,,,
AMD.MX,3049.65,2024/10/24,13:48 CST,-0.18017578,3064.45,3049.65,3049.65,1302,,,,,,,
GLEN.L,401.4504,2024/10/25,14:06 BST,3.3504028,398.6,401.75,397.0,4630022,,,,,,,
AGRS.JK,82.0,2024/10/25,16:14 WIB,-3.0,82.0,88.0,81.0,45853800,,,,,,,
GLENL.XC,402.95,2024/10/25,14:21 BST,3.4500122,398.65,403.1,397.05,2147546,,,,,,,
POLI.TA,3739.0,2024/10/22,14:24 IDT,0.0,3750.0,3760.0,3724.0,7401694,,,,,,,
CII.VN,15400.0,2024/10/25,14:45 ICT,150.0,15300.0,15600.0,15250.0,3753800,,,,,,,
HCLTECH.BO,1851.15,2024/10/25,15:29 IST,6.4000244,1858.0,1871.55,1840.0,94881,,,,,,,
HHV.VN,11600.0,2024/10/25,14:45 ICT,-50.0,11700.0,11700.0,11600.0,2317800,,,,,,,
HCLTECH.NS,1852.35,2024/10/25,15:30 IST,7.449951,1860.0,1871.55,1840.2,4077919,,,,,,,
OTP.BD,19045.0,2024/10/25,14:45 CEST,345.0,18750.0,19110.0,18750.0,227435,,,,,,,
034220.KS,10110.0,2024/10/25,15:30 KST,-240.0,10380.0,10470.0,10100.0,1741590,,,,,,,
HL.BA,8210.0,2024/10/24,16:57 ART,-250.0,8370.0,8370.0,8040.0,832,,,,,,,
IJC.VN,13400.0,2024/10/25,14:45 ICT,150.0,13200.0,13450.0,13200.0,965700,,,,,,,
PFCORFICOL.CL,13100.0,2024/10/24,14:07 EDT,-240.0,0.0,0.0,0.0,0,,,,,,,
NOBU.JK,665.0,2024/10/25,16:08 WIB,-10.0,675.0,690.0,640.0,1947200,,,,,,,
ROGN.MX,6222.99,2024/10/22,08:56 CST,0.0,6222.99,6222.99,6222.99,38,,,,,,,
8725.T,3357.0,2024/10/25,15:15 JST,-55.0,3387.0,3401.0,3344.0,3789800,,,,,,,
6981.T,2755.5,2024/10/25,15:15 JST,-27.0,2774.0,2786.0,2730.0,3986700,,,,,,,
IMAS.JK,1270.0,2024/10/25,16:11 WIB,10.0,1265.0,1270.0,1250.0,571800,,,,,,,
BIRD.JK,2070.0,2024/10/25,16:12 WIB,10.0,2060.0,2090.0,2060.0,1071300,,,,,,,
CORFICOLCF.CL,14100.0,2024/10/24,15:38 EDT,-100.0,0.0,0.0,0.0,0,,,,,,,
NSSS.JK,218.0,2024/10/25,16:06 WIB,-6.0,224.0,230.0,218.0,67154800,,,,,,,
NVON.MX,2275.0,2024/10/24,11:28 CST,0.0,2280.01,2275.0,2275.0,976,,,,,,,
QUINENCO.SN,3158.8,2024/10/25,09:30 CLST,7.800049,3158.8,3158.8,3158.8,770,,,,,,,
DOID.JK,680.0,2024/10/25,16:08 WIB,-20.0,700.0,710.0,680.0,12853700,,,,,,,
BABAN.MX,1914.69,2024/10/24,13:46 CST,0.9199219,1920.0,1914.69,1914.69,3166,,,,,,,
FISH.JK,11000.0,2024/10/25,16:00 WIB,0.0,11000.0,11000.0,11000.0,10400,,,,,,,
AGII.JK,1720.0,2024/10/25,16:00 WIB,-10.0,1730.0,1730.0,1720.0,93800,,,,,,,
MRK.MX,2090.0,2024/10/24,11:26 CST,0.0,2102.62,2090.0,2090.0,760,,,,,,,
6367.T,17980.0,2024/10/25,15:15 JST,-105.0,18075.0,18120.0,17905.0,787100,,,,,,,
CVX.MX,2915.82,2024/10/24,08:57 CST,0.0,2999.99,2915.82,2915.82,129,,,,,,,
SMCI.MX,915.29,2024/10/24,13:31 CST,0.0,920.0,915.29,915.29,12732,,,,,,,
051900.KS,346000.0,2024/10/25,15:30 KST,-8500.0,354000.0,354500.0,343000.0,47924,,,,,,,
TMUS.MX,4606.76,2024/10/24,13:44 CST,0.0,4556.0,4606.76,4606.76,4495,,,,,,,
NKG.VN,20450.0,2024/10/25,14:45 ICT,0.0,20500.0,20700.0,20450.0,2054500,,,,,,,
051905.KS,149700.0,2024/10/25,15:30 KST,-2400.0,152700.0,152700.0,149400.0,2321,,,,,,,
079550.KS,249000.0,2024/10/25,15:30 KST,-3000.0,251500.0,253000.0,245000.0,120761,,,,,,,
6702.T,2978.0,2024/10/25,15:15 JST,-19.5,2989.5,3000.0,2955.5,3065800,,,,,,,
OMU.JO,1219.0,2024/10/25,15:06 SAST,-21.0,1220.0,1248.0,1208.0,6700853,,,,,,,
CRM.MX,5711.0,2024/10/24,13:33 CST,0.0,5705.0,5711.0,5711.0,1043,,,,,,,
NT2.VN,19050.0,2024/10/25,14:45 ICT,-200.0,19250.0,19250.0,19050.0,166100,,,,,,,
BCG.VN,6190.0,2024/10/25,14:45 ICT,-30.0,6230.0,6230.0,6140.0,2311400,,,,,,,
TDM.VN,50100.0,2024/10/25,14:45 ICT,0.0,50100.0,50100.0,49600.0,3100,,,,,,,
LUMI.TA,3645.0,2024/10/22,14:24 IDT,0.0,3680.0,3696.0,3645.0,2847324,,,,,,,
BIPI.JK,80.0,2024/10/25,16:14 WIB,-3.0,83.0,88.0,80.0,159837700,,,,,,,
006800.KS,9160.0,2024/10/25,15:30 KST,120.0,9010.0,9220.0,9000.0,1152210,,,,,,,
DRMA.JK,1180.0,2024/10/25,16:14 WIB,-5.0,1185.0,1190.0,1175.0,1080600,,,,,,,
ARNA.JK,780.0,2024/10/25,16:11 WIB,10.0,770.0,780.0,760.0,6507800,,,,,,,
047810.KS,57200.0,2024/10/25,15:30 KST,0.0,56800.0,57900.0,56200.0,493878,,,,,,,
BERK34.SA,130.3,2024/10/25,10:04 BRT,0.5,130.16,130.3,130.16,884,,,,,,,
ROTI.JK,980.0,2024/10/25,16:03 WIB,-5.0,985.0,990.0,980.0,533400,,,,,,,
SMDR.JK,338.0,2024/10/25,16:13 WIB,-4.0,342.0,346.0,336.0,11314100,,,,,,,
SAPN.MX,4690.0,2024/10/24,09:48 CST,0.0,4690.0,4690.0,4690.0,8,,,,,,,
NPH.JO,14367.0,2024/10/25,15:06 SAST,-392.0,14723.0,14758.0,14135.0,2942965,,,,,,,
LSEG.L,10655.0,2024/10/25,14:05 BST,0.0,10640.0,10700.0,10595.0,320233,,,,,,,
CTS.VN,36850.0,2024/10/25,14:45 ICT,0.0,37000.0,37100.0,36800.0,941500,,,,,,,
LSEGL.XC,10660.0,2024/10/25,14:21 BST,40.0,10640.0,10700.0,10600.0,95632,,,,,,,
CENCOSUD.SN,2016.0,2024/10/25,09:35 CLST,-14.0,2016.0,2016.0,2015.5,5320,,,,,,,
BMA.BA,9080.0,2024/10/24,16:59 ART,640.0,8650.0,9100.0,8630.0,319220,,,,,,,
DGE.L,2567.0,2024/10/25,14:06 BST,-2.0,2569.0,2572.5,2551.0,625139,,,,,,,
267250.KS,80800.0,2024/10/25,15:30 KST,-1200.0,81700.0,82300.0,80300.0,111614,,,,,,,
DGEL.XC,2570.0,2024/10/25,14:21 BST,-3.5,2569.0,2571.0,2551.0,291859,,,,,,,
LICI.NS,903.65,2024/10/25,15:29 IST,-8.75,910.1,918.0,889.45,1267995,,,,,,,
HNA.VN,24300.0,2024/10/24,14:45 ICT,0.0,24100.0,24300.0,24300.0,100,,,,,,,
LICI.BO,903.75,2024/10/25,15:40 IST,-8.5,910.0,916.5,888.25,41795,,,,,,,
SSIA.JK,1210.0,2024/10/25,16:14 WIB,-20.0,1230.0,1230.0,1190.0,20812400,,,,,,,
4661.T,3513.0,2024/10/25,15:15 JST,-42.0,3551.0,3567.0,3513.0,3349700,,,,,,,
6857.T,7820.0,2024/10/25,15:15 JST,-233.0,7930.0,7960.0,7792.0,13306800,,,,,,,
KO.MX,1335.47,2024/10/24,12:17 CST,0.0,1368.0,1335.47,1335.47,2167,,,,,,,
180640.KS,88000.0,2024/10/25,15:30 KST,-2700.0,90700.0,90700.0,87000.0,48990,,,,,,,
SMSNN.MX,21500.0,2024/10/18,08:47 CST,0.0,0.0,21500.0,21500.0,0,,,,,,,
18064K.KS,25000.0,2024/10/25,15:30 KST,-450.0,25450.0,25850.0,24250.0,2731,,,,,,,
NG.BA,17500.0,2024/10/24,16:44 ART,-325.0,17425.0,17500.0,16825.0,188,,,,,,,
3382.T,2264.0,2024/10/25,15:15 JST,-2.0,2268.0,2276.0,2239.5,5606600,,,,,,,
BATS.L,2667.0,2024/10/25,14:06 BST,12.0,2654.0,2670.0,2644.0,884691,,,,,,,
BATSL.XC,2668.0,2024/10/25,14:16 BST,11.0,2657.0,2669.5,2644.0,166169,,,,,,,
WHL.JO,6384.0,2024/10/25,15:06 SAST,-40.0,6538.0,6538.0,6333.0,1590056,,,,,,,
GSK.L,1449.0,2024/10/25,14:06 BST,-6.5,1448.0,1450.0,1434.5,1618331,,,,,,,
GSKL.XC,1450.5,2024/10/25,14:19 BST,-3.0,1446.5,1450.5,1435.0,650149,,,,,,,
BNC.L,383.32,2024/10/25,14:06 BST,4.8200073,375.932,387.9064,375.932,519215,,,,,,,
HINDUNILVR.BO,2527.55,2024/10/25,15:50 IST,24.600098,2525.0,2540.0,2500.25,126311,,,,,,,
HINDUNILVR.NS,2528.05,2024/10/25,15:30 IST,22.949951,2502.3,2540.0,2500.1,2760987,,,,,,,
VCF.VN,221500.0,2024/10/25,14:45 ICT,-3400.0,213700.0,221500.0,221500.0,100,,,,,,,
MAYA.JK,226.0,2024/10/25,16:00 WIB,0.0,226.0,228.0,222.0,3150500,,,,,,,
443060.KS,134200.0,2024/10/25,15:30 KST,7600.0,127500.0,134500.0,125900.0,237701,,,,,,,
SSW.JO,2115.0,2024/10/25,15:06 SAST,47.0,2150.0,2150.0,2035.0,8883256,,,,,,,
RTL.VI,38729.41,2024/10/25,15:06 CEST,18.859375,38717.62,38913.96,38701.44,0,,,,,,,
ITC.BO,482.1,2024/10/25,15:58 IST,10.25,475.95,493.5,474.5,1704180,,,,,,,
ITC.NS,482.3,2024/10/25,15:30 IST,10.599976,475.8,493.5,474.2,30957425,,,,,,,
ACG.VN,40700.0,2024/10/25,14:45 ICT,0.0,40700.0,40800.0,40600.0,4600,,,,,,,
6902.T,2099.0,2024/10/25,15:15 JST,-13.0,2097.0,2112.0,2089.5,4024200,,,,,,,
TGKA.JK,6450.0,2024/10/25,15:03 WIB,-25.0,6475.0,6475.0,6350.0,1000,,,,,,,
HILL.JK,2120.0,2024/10/25,16:08 WIB,0.0,2120.0,2130.0,2100.0,2540800,,,,,,,
IMP.VN,44750.0,2024/10/25,14:45 ICT,-250.0,46000.0,46350.0,44750.0,102500,,,,,,,
BCI.SN,29050.0,2024/10/24,16:00 CLST,0.0,0.0,29050.0,29050.0,0,,,,,,,
BP.L,404.3,2024/10/25,14:06 BST,2.5,401.95,405.115,401.15,6996540,,,,,,,
BPL.XC,405.9,2024/10/25,14:21 BST,2.9499817,401.8,405.95,401.7,2542504,,,,,,,
NFLX.MX,14946.01,2024/10/24,12:16 CST,0.0,14870.01,14946.01,14946.01,72,,,,,,,
ASMLN.MX,14200.1,2024/10/24,09:29 CST,0.0,14200.1,14200.1,14200.1,1148,,,,,,,
PALM.JK,412.0,2024/10/25,16:12 WIB,-10.0,424.0,428.0,408.0,1840200,,,,,,,
SHC.JO,3222.0,2024/10/25,15:06 SAST,-8.0,3239.0,3239.0,3213.0,539794,,,,,,,
2222.SR,27.05,2024/10/24,15:19 AST,0.099998474,26.95,27.05,26.95,6429624,,,,,,,
4502.T,4105.0,2024/10/25,15:15 JST,-103.0,4165.0,4175.0,4102.0,3651500,,,,,,,
SIMP.JK,424.0,2024/10/25,16:14 WIB,-10.0,436.0,438.0,424.0,7730200,,,,,,,
ALII.JK,406.0,2024/10/25,16:14 WIB,-6.0,428.0,420.0,402.0,1938500,,,,,,,
ABBV.MX,3758.21,2024/10/22,13:31 CST,0.0,3758.21,3758.21,3758.21,0,,,,,,,
MRP.JO,25478.0,2024/10/25,15:04 SAST,278.0,25400.0,25531.0,25033.0,212902,,,,,,,
010950.KS,57700.0,2024/10/25,15:30 KST,-700.0,58400.0,58400.0,57500.0,128613,,,,,,,
010955.KS,41600.0,2024/10/25,15:30 KST,-300.0,41900.0,42000.0,41400.0,4482,,,,,,,
ADES.JK,11275.0,2024/10/25,16:03 WIB,100.0,11175.0,11400.0,11175.0,32200,,,,,,,
REL.L,3621.0,2024/10/25,14:06 BST,-3.0,3612.0,3627.0,3605.0,543081,,,,,,,
AGRO.JK,272.0,2024/10/25,16:14 WIB,-12.0,282.0,286.0,272.0,48156600,,,,,,,
TXR.BA,10350.0,2024/10/24,16:57 ART,0.0,10325.0,10350.0,10150.0,1085,,,,,,,
MCN.MX,13550.0,2024/10/24,13:14 CST,0.0,13550.0,13550.0,13550.0,108,,,,,,,
EPMT.JK,2490.0,2024/10/25,15:39 WIB,10.0,2480.0,2490.0,2470.0,1500,,,,,,,
RELL.XC,3623.0,2024/10/25,14:21 BST,-1.0,3608.0,3627.0,3606.0,136345,,,,,,,
IBST.JK,5000.0,2024/10/24,16:00 WIB,0.0,5000.0,5000.0,5000.0,100,,,,,,,
ENRG.JK,274.0,2024/10/25,16:14 WIB,-12.0,286.0,296.0,272.0,215628700,,,,,,,
SGER.JK,436.0,2024/10/25,16:13 WIB,-14.0,450.0,452.0,432.0,3497700,,,,,,,
CTD.VN,67600.0,2024/10/25,14:45 ICT,1600.0,66200.0,67900.0,66100.0,1359300,,,,,,,
SOLBE1.JO,10200.0,2024/10/18,12:15 SAST,0.0,9700.0,10200.0,9700.0,3799,,,,,,,
SOL.JO,10396.0,2024/10/25,15:05 SAST,-179.0,10625.0,10758.0,10181.0,1523062,,,,,,,
7741.T,19745.0,2024/10/25,15:15 JST,-180.0,19970.0,20040.0,19705.0,592600,,,,,,,
SDRA.JK,468.0,2024/10/25,15:37 WIB,8.0,458.0,470.0,458.0,68900,,,,,,,
VKTR.JK,151.0,2024/10/25,16:12 WIB,-5.0,156.0,156.0,145.0,71491500,,,,,,,
SBIN.BO,780.6,2024/10/25,15:50 IST,-14.100037,798.45,800.0,772.05,650630,,,,,,,
SBIN.NS,780.95,2024/10/25,15:30 IST,-13.599976,798.0,800.75,772.0,9714947,,,,,,,
ERAA.JK,432.0,2024/10/25,16:10 WIB,0.0,434.0,440.0,432.0,26400300,,,,,,,
NBK.KW,840.0,2024/10/24,12:44 AST,-3.0,844.0,846.0,840.0,2876321,,,,,,,
SMCB.JK,780.0,2024/10/25,16:00 WIB,15.0,765.0,780.0,765.0,132700,,,,,,,
064350.KS,64300.0,2024/10/25,15:30 KST,700.0,63400.0,65100.0,62300.0,1499144,,,,,,,
7011.T,2097.5,2024/10/25,15:15 JST,-14.0,2067.0,2093.5,2063.0,56842600,,,,,,,
SZC.VN,38350.0,2024/10/25,14:45 ICT,350.0,38100.0,38700.0,38000.0,1047000,,,,,,,
0M69.IL,18830.0,2024/10/24,16:09 BST,6240.0,0.0,18830.0,18830.0,721905,,,,,,,
005830.KS,113600.0,2024/10/25,15:30 KST,3600.0,110000.0,114700.0,109800.0,137567,,,,,,,
7267.T,1520.5,2024/10/25,15:15 JST,-16.0,1536.5,1547.5,1516.0,9334900,,,,,,,
SCS.VN,75000.0,2024/10/25,14:45 ICT,-2300.0,77000.0,77000.0,75000.0,445600,,,,,,,
090430.KS,117300.0,2024/10/25,15:30 KST,-6500.0,123800.0,123800.0,117000.0,448558,,,,,,,
2914.T,4089.0,2024/10/25,15:15 JST,-55.0,4130.0,4143.0,4084.0,3172800,,,,,,,
TLDN.JK,565.0,2024/10/25,16:04 WIB,-10.0,575.0,580.0,555.0,343000,,,,,,,
090435.KS,33500.0,2024/10/25,15:30 KST,-950.0,0.0,34500.0,33150.0,18495,,,,,,,
GGAL.BA,6230.0,2024/10/24,17:09 ART,330.0,6010.0,6260.0,5990.0,3454941,,,,,,,
SJS.VN,65500.0,2024/10/25,14:45 ICT,300.0,64500.0,65500.0,62700.0,8700,,,,,,,
PHR.VN,55300.0,2024/10/25,14:45 ICT,-500.0,55800.0,55900.0,55000.0,111400,,,,,,,
ARCI.JK,298.0,2024/10/25,16:07 WIB,-6.0,304.0,310.0,296.0,9653300,,,,,,,
RAJA.JK,1750.0,2024/10/25,16:13 WIB,-65.0,1815.0,1850.0,1745.0,9256600,,,,,,,
BNBR.JK,51.0,2024/10/25,16:14 WIB,3.0,50.0,51.0,50.0,44776900,,,,,,,
TMS.VN,44200.0,2024/10/25,13:52 ICT,50.0,43250.0,44200.0,43200.0,6000,,,,,,,
DMND.JK,810.0,2024/10/25,16:00 WIB,-10.0,770.0,810.0,770.0,2400,,,,,,,
INFY.BO,1853.25,2024/10/25,15:58 IST,-11.150024,1868.75,1876.0,1845.65,298913,,,,,,,
INFY.NS,1862.05,2024/10/25,15:29 IST,-1.2999268,1863.45,1876.35,1846.4,4688979,,,,,,,
450080.KS,110000.0,2024/10/25,15:30 KST,-900.0,114300.0,115400.0,110100.0,412490,,,,,,,
JNJ.MX,3156.02,2024/10/24,10:38 CST,0.0,3156.02,3156.02,3156.02,24,,,,,,,
TEVA.TA,6890.0,2024/10/22,14:24 IDT,0.0,6939.0,6939.0,6780.0,918006,,,,,,,
DMAS.JK,162.0,2024/10/25,16:12 WIB,-1.0,163.0,163.0,161.0,14437900,,,,,,,
8411.T,3086.0,2024/10/25,15:15 JST,-14.0,3071.0,3106.0,3056.0,7588700,,,,,,,
AMZN.WA,748.0,2024/10/24,15:31 CEST,0.0,748.0,748.0,748.0,3,,,,,,,
CMNP.JK,1445.0,2024/10/25,16:00 WIB,-5.0,1450.0,1465.0,1445.0,10500,,,,,,,
GGRP.JK,640.0,2024/10/25,16:01 WIB,0.0,645.0,645.0,640.0,18800,,,,,,,
BKSL.JK,47.0,2024/10/25,16:13 WIB,1.0,46.0,46.0,46.0,15679200,,,,,,,
COST.MX,17790.01,2024/10/24,13:22 CST,0.0,17947.96,17790.01,17790.01,241,,,,,,,
ASR.BA,15975.0,2024/10/24,13:33 ART,175.0,15950.0,16050.0,15950.0,328,,,,,,,
MTDL.JK,645.0,2024/10/25,16:07 WIB,10.0,635.0,650.0,630.0,3986000,,,,,,,
HD.MX,7910.0,2024/10/23,13:09 CST,0.0,7918.0,7910.0,7910.0,27,,,,,,,
PG.MX,3364.8,2024/10/24,12:16 CST,0.0,3364.8,3364.8,3364.8,53,,,,,,,
LTM.SN,13.13,2024/10/25,09:36 CLST,0.020000458,13.11,13.13,13.09,22992284,,,,,,,
352820.KS,192700.0,2024/10/25,15:30 KST,-1200.0,193000.0,194800.0,187900.0,139134,,,,,,,
APN.JO,17991.0,2024/10/25,15:04 SAST,-9.0,18100.0,18199.0,17886.0,134214,,,,,,,
BBMD.JK,1990.0,2024/10/25,14:15 WIB,-10.0,1950.0,1990.0,1950.0,3800,,,,,,,
GOGL.WA,657.2,2024/10/18,11:11 CEST,0.0,657.2,657.2,657.2,2,,,,,,,
034730.KS,148600.0,2024/10/25,15:30 KST,3100.0,146000.0,150300.0,145300.0,111579,,,,,,,
M1TA34.SA,116.7,2024/10/25,10:05 BRT,1.5699997,116.46,116.85,116.46,10997,,,,,,,
RIO.L,5002.0,2024/10/25,14:06 BST,67.5,4943.5,5003.0,4935.0,1350206,,,,,,,
RIOL.XC,5015.0,2024/10/25,14:21 BST,77.0,4938.0,5015.0,4935.0,173036,,,,,,,
DUTI.JK,4400.0,2024/10/22,14:55 WIB,0.0,4400.0,4400.0,4400.0,1000,,,,,,,
LSIP.JK,1195.0,2024/10/25,16:14 WIB,-70.0,1265.0,1285.0,1195.0,35937500,,,,,,,
DSE.VN,24700.0,2024/10/25,14:45 ICT,0.0,24700.0,24800.0,24600.0,156400,,,,,,,
COPEC.SN,6298.9,2024/10/25,09:24 CLST,0.0,6298.9,6298.9,6298.9,200,,,,,,,
TMAS.JK,145.0,2024/10/25,16:11 WIB,-2.0,147.0,148.0,145.0,7054400,,,,,,,
KOS.VN,38450.0,2024/10/25,14:45 ICT,-50.0,38500.0,38600.0,38450.0,414900,,,,,,,
PFDAVVNDA.CL,18960.0,2024/10/24,16:00 EDT,-40.0,0.0,0.0,0.0,0,,,,,,,
PC1.VN,26700.0,2024/10/25,14:45 ICT,-100.0,26850.0,26900.0,26700.0,973900,,,,,,,
EVF.VN,10800.0,2024/10/25,14:45 ICT,-100.0,10850.0,11000.0,10800.0,2623400,,,,,,,
JRPT.JK,655.0,2024/10/25,16:00 WIB,0.0,655.0,655.0,650.0,250400,,,,,,,
010140.KS,9900.0,2024/10/25,15:30 KST,-150.0,10150.0,10310.0,9870.0,4728500,,,,,,,
PPH.JO,2276.0,2024/10/25,15:05 SAST,2.0,2276.0,2282.0,2254.0,1563072,,,,,,,
BJTM.JK,565.0,2024/10/25,16:14 WIB,0.0,565.0,570.0,560.0,5007400,,,,,,,
ANF.BA,167950.0,2024/10/24,16:57 ART,-7550.0,173800.0,173800.0,167300.0,72,,,,,,,
003490.KS,23300.0,2024/10/25,15:30 KST,-150.0,23450.0,23700.0,23250.0,660587,,,,,,,
INDY.JK,1650.0,2024/10/25,16:14 WIB,-35.0,1685.0,1695.0,1650.0,6231500,,,,,,,
HMY.BA,13600.0,2024/10/24,16:56 ART,-25.0,13700.0,13975.0,13375.0,3971,,,,,,,
047050.KS,49600.0,2024/10/25,15:30 KST,-500.0,50600.0,51100.0,49200.0,327033,,,,,,,
003495.KS,23600.0,2024/10/25,15:30 KST,150.0,23350.0,23500.0,23350.0,3507,,,,,,,
PAC.BA,12900.0,2024/10/23,12:10 ART,0.0,12900.0,0.0,0.0,15,,,,,,,
BTPS.JK,1125.0,2024/10/25,16:14 WIB,-10.0,1135.0,1145.0,1120.0,9249200,,,,,,,
RNI.JO,47734.0,2024/10/25,15:05 SAST,-114.0,48409.0,48409.0,47593.0,76909,,,,,,,
X.BA,15575.0,2024/10/24,16:58 ART,-75.0,15600.0,15650.0,15475.0,1256,,,,,,,
9434.T,185.5,2024/10/25,15:15 JST,-1.5,187.0,187.1,185.5,37980300,,,,,,,
LPKR.JK,124.0,2024/10/25,16:14 WIB,-8.0,133.0,134.0,122.0,313802800,,,,,,,
FALABELLA.SN,3525.5,2024/10/25,09:41 CLST,16.5,3525.5,3528.1,3525.0,8588,,,,,,,
EDGE.JK,4270.0,2024/10/25,16:12 WIB,-50.0,4370.0,4370.0,4200.0,22300,,,,,,,
SCMA.JK,139.0,2024/10/25,16:14 WIB,-2.0,141.0,142.0,137.0,91536100,,,,,,,
SOHO.JK,690.0,2024/10/25,15:19 WIB,0.0,685.0,710.0,685.0,4300,,,,,,,
PROMIGAS.CL,7700.0,2024/10/23,15:29 EDT,0.0,0.0,0.0,0.0,0,,,,,,,
ICICIBANK.NS,1255.45,2024/10/25,15:30 IST,2.6999512,1247.25,1268.9,1234.2,13545764,,,,,,,
ICICIBANK.BO,1255.5,2024/10/25,15:59 IST,2.9000244,1248.95,1268.4,1234.85,546149,,,,,,,
PRAY.JK,635.0,2024/10/25,16:00 WIB,0.0,630.0,635.0,630.0,3200,,,,,,,
028300.KQ,65300.0,2024/10/25,15:30 KST,-200.0,64700.0,65800.0,63000.0,1199273,,,,,,,
CELU.BA,879.0,2024/10/24,16:59 ART,24.0,860.0,885.0,851.0,327608,,,,,,,
BHN.VN,38300.0,2024/10/25,14:21 ICT,-550.0,38500.0,38850.0,38300.0,700,,,,,,,
PAAS.BA,9930.0,2024/10/24,16:57 ART,-170.0,10125.0,10150.0,9750.0,6675,,,,,,,
009150.KS,117000.0,2024/10/25,15:30 KST,-2100.0,119400.0,119500.0,116200.0,324300,,,,,,,
CLS.JO,37900.0,2024/10/25,15:06 SAST,-135.0,38035.0,38127.0,36500.0,516744,,,,,,,
HDG.VN,26600.0,2024/10/25,14:45 ICT,-50.0,26650.0,26900.0,26550.0,1559500,,,,,,,
INP.JO,13614.0,2024/10/25,15:04 SAST,-34.0,13765.0,13784.0,13505.0,215095,,,,,,,
009155.KS,59000.0,2024/10/25,15:30 KST,-100.0,59500.0,59500.0,58200.0,7323,,,,,,,
4568.T,4793.0,2024/10/25,15:15 JST,-13.0,4789.0,4811.0,4767.0,3033300,,,,,,,
8031.T,3083.0,2024/10/25,15:15 JST,-17.0,3078.0,3106.0,3057.0,3825900,,,,,,,
PSAB.JK,310.0,2024/10/25,16:14 WIB,-10.0,322.0,330.0,302.0,389559700,,,,,,,
REM.JO,16036.0,2024/10/25,15:06 SAST,90.0,15946.0,16092.0,15860.0,188883,,,,,,,
GLOB.BA,14300.0,2024/10/24,16:59 ART,0.0,14300.0,14475.0,14125.0,16246,,,,,,,
BAC.MX,842.0,2024/10/24,13:12 CST,0.0,836.29,842.0,842.0,205,,,,,,,
OUT.JO,5976.0,2024/10/25,15:06 SAST,81.0,5847.0,6006.0,5847.0,1130040,,,,,,,
326030.KS,118600.0,2024/10/25,15:30 KST,-2500.0,121400.0,121500.0,117700.0,216137,,,,,,,
BSANTANDER.SN,48.7,2024/10/25,09:40 CLST,-0.5099983,49.21,49.31,48.7,2237308,,,,,,,
SBT.VN,12550.0,2024/10/25,14:45 ICT,50.0,12600.0,12600.0,12450.0,1253300,,,,,,,
7974.T,8002.0,2024/10/25,15:15 JST,-67.0,8066.0,8068.0,7979.0,1962700,,,,,,,
086280.KS,124500.0,2024/10/25,15:30 KST,2400.0,121300.0,127400.0,120200.0,265039,,,,,,,
042660.KS,29750.0,2024/10/25,15:30 KST,0.0,29750.0,30100.0,29500.0,548590,,,,,,,
DGW.VN,42550.0,2024/10/25,14:45 ICT,-350.0,42900.0,43300.0,42550.0,896000,,,,,,,
PLIN.JK,2650.0,2024/10/22,14:55 WIB,0.0,2650.0,2650.0,2650.0,300,,,,,,,
ASML01.BK,20.1,2024/10/25,16:37 ICT,0.10000038,20.1,20.2,19.9,105313,,,,,,,
MA.MX,10242.18,2024/10/22,13:11 CST,0.0,10213.4,10242.18,10242.18,0,,,,,,,
9433.T,4726.0,2024/10/25,15:15 JST,4.0,4736.0,4738.0,4708.0,2265200,,,,,,,
DBC.VN,27700.0,2024/10/25,14:45 ICT,-300.0,28200.0,28250.0,27700.0,3550600,,,,,,,
ORCL.MX,3451.0,2024/10/24,10:30 CST,0.0,3454.0,3451.0,3451.0,593,,,,,,,
TINS.JK,1285.0,2024/10/25,16:14 WIB,-50.0,1335.0,1360.0,1285.0,26653400,,,,,,,
042700.KS,97800.0,2024/10/25,15:30 KST,-400.0,98500.0,100100.0,96100.0,760816,,,,,,,
NRP.JO,14409.0,2024/10/25,15:06 SAST,-31.0,14251.0,14499.0,14251.0,703453,,,,,,,
ENELAM.SN,90.5,2024/10/25,09:30 CLST,0.0,90.5,90.5,90.5,29107,,,,,,,
MORA.JK,414.0,2024/10/25,15:18 WIB,-10.0,420.0,424.0,408.0,98300,,,,,,,
CMG.VN,50700.0,2024/10/25,14:45 ICT,100.0,50700.0,50900.0,50300.0,175500,,,,,,,
BVT.JO,28169.0,2024/10/25,15:06 SAST,-29.0,28489.0,28592.0,27747.0,335700,,,,,,,
BOGOTA.CL,27740.0,2024/10/24,15:08 EDT,240.0,0.0,0.0,0.0,0,,,,,,,
PVT.VN,27300.0,2024/10/25,14:45 ICT,-50.0,27100.0,27500.0,27100.0,965800,,,,,,,
PFAVAL.CL,425.0,2024/10/23,15:59 EDT,0.0,0.0,0.0,0.0,0,,,,,,,
TCEHYN.MX,1045.05,2024/10/23,11:20 CST,0.0,1083.85,1045.05,1045.05,606,,,,,,,
BWE.VN,44700.0,2024/10/25,14:45 ICT,550.0,44150.0,44700.0,44100.0,112300,,,,,,,
BHARTIARTL.BO,1664.4,2024/10/25,15:29 IST,-15.799927,1685.8,1685.8,1655.75,275398,,,,,,,
BHARTIARTL.NS,1666.0,2024/10/25,15:29 IST,-12.449951,1681.1,1684.75,1655.85,3433687,,,,,,,
STAA.JK,915.0,2024/10/25,16:00 WIB,0.0,915.0,915.0,905.0,15109500,,,,,,,
GEE.VN,33500.0,2024/10/25,14:17 ICT,0.0,33500.0,33600.0,33500.0,6600,,,,,,,
BP-B.L,154.5,2024/10/25,13:50 BST,-0.5500946,156.6999,161.0,154.0,563,,,,,,,
GRUPOAVAL.CL,428.0,2024/10/24,10:10 EDT,3.0,0.0,0.0,0.0,0,,,,,,,
BAYER.BD,10500.0,2024/10/24,15:20 CEST,0.0,10500.0,10500.0,10500.0,23,,,,,,,
323410.KS,21650.0,2024/10/25,15:30 KST,0.0,21650.0,21950.0,21400.0,411060,,,,,,,
BJBR.JK,980.0,2024/10/25,16:14 WIB,-5.0,985.0,985.0,980.0,1912500,,,,,,,
UNH.MX,11254.0,2024/10/24,10:18 CST,0.0,11255.0,11254.0,11254.0,83,,,,,,,
T1LK34.SA,52.6,2024/10/24,16:29 BRT,0.0,0.0,52.6,52.6,0,,,,,,,
SQM-A.SN,35900.0,2024/10/25,09:41 CLST,-22.0,35900.0,35900.0,35900.0,39,,,,,,,
TCH.VN,15600.0,2024/10/25,14:45 ICT,-150.0,15700.0,15800.0,15500.0,3642100,,,,,,,
VCG.VN,17700.0,2024/10/25,14:45 ICT,-250.0,17950.0,18050.0,17700.0,2792200,,,,,,,
XOM.MX,2372.0,2024/10/24,13:22 CST,0.0,2372.0,2372.0,2372.0,19,,,,,,,
CEMARGOS.CL,7960.0,2024/10/24,16:00 EDT,340.0,0.0,0.0,0.0,0,,,,,,,
086520.KQ,78200.0,2024/10/25,15:30 KST,200.0,80700.0,81200.0,77800.0,518879,,,,,,,
8766.T,5445.0,2024/10/25,15:15 JST,-70.0,5457.0,5526.0,5398.0,3625600,,,,,,,
SQM-B.SN,38347.0,2024/10/25,09:39 CLST,244.0,38103.0,38593.0,38103.0,1966,,,,,,,
GGB.BA,14850.0,2024/10/24,16:57 ART,-25.0,14925.0,14925.0,14675.0,224,,,,,,,
8035.T,23220.0,2024/10/25,15:15 JST,195.0,23055.0,23360.0,23020.0,3311000,,,,,,,
SMRA.JK,620.0,2024/10/25,16:14 WIB,-20.0,640.0,650.0,620.0,92265400,,,,,,,
BSI.VN,47000.0,2024/10/25,14:45 ICT,-550.0,47550.0,47850.0,47000.0,344700,,,,,,,
8001.T,7459.0,2024/10/25,15:15 JST,-95.0,7470.0,7538.0,7421.0,2266100,,,,,,,
RISE.JK,990.0,2024/10/25,16:00 WIB,0.0,990.0,990.0,935.0,150900,,,,,,,
030200.KS,44200.0,2024/10/25,15:30 KST,400.0,44100.0,44200.0,43250.0,670316,,,,,,,
V.MX,5600.0,2024/10/24,09:52 CST,0.0,5628.12,5600.0,5600.0,85,,,,,,,
000100.KS,147400.0,2024/10/25,15:30 KST,-1600.0,149500.0,151800.0,146300.0,1410732,,,,,,,
HAG.VN,10150.0,2024/10/25,14:45 ICT,-400.0,10600.0,10600.0,10150.0,12734100,,,,,,,
BMP.VN,132800.0,2024/10/25,14:45 ICT,-200.0,132300.0,133100.0,129800.0,175600,,,,,,,
018260.KS,141900.0,2024/10/25,15:30 KST,-3300.0,146600.0,146700.0,141600.0,82746,,,,,,,
VTP.VN,90500.0,2024/10/25,14:45 ICT,3700.0,87000.0,90500.0,86900.0,2220500,,,,,,,
BP-A.L,146.35,2024/10/25,13:50 BST,-3.149994,146.01,152.0,146.0,7554,,,,,,,
IMP.JO,11981.0,2024/10/25,15:06 SAST,-52.0,11954.0,12085.0,11660.0,3205578,,,,,,,
8058.T,2765.5,2024/10/25,15:15 JST,-22.0,2769.0,2791.0,2748.0,6256600,,,,,,,
096770.KS,114400.0,2024/10/25,15:30 KST,-900.0,117200.0,117200.0,113800.0,146624,,,,,,,
ADMF.JK,11075.0,2024/10/25,16:13 WIB,25.0,11100.0,11100.0,11025.0,15100,,,,,,,
03473K.KS,121500.0,2024/10/25,15:30 KST,100.0,121500.0,122500.0,120600.0,2050,,,,,,,
BHPL.XC,2172.0,2024/10/25,14:21 BST,27.0,2161.0,2174.0,2151.0,134863,,,,,,,
000105.KS,133800.0,2024/10/25,15:30 KST,4600.0,130700.0,137500.0,126500.0,54630,,,,,,,
LVMH01.BK,14.3,2024/10/25,16:25 ICT,0.0,14.5,14.6,14.3,294492,,,,,,,
ABMM.JK,4030.0,2024/10/25,16:11 WIB,-30.0,4070.0,4070.0,4030.0,1052000,,,,,,,
AMZO34.SA,53.43,2024/10/25,10:06 BRT,0.5400009,53.52,53.6,53.43,4650,,,,,,,
INPP.JK,995.0,2024/10/25,16:01 WIB,-70.0,1070.0,1070.0,950.0,234300,,,,,,,
096775.KS,77100.0,2024/10/25,15:30 KST,-200.0,77600.0,79700.0,77100.0,1773,,,,,,,
POWR.JK,705.0,2024/10/25,16:00 WIB,0.0,705.0,705.0,695.0,2498100,,,,,,,
BHP.L,2172.0,2024/10/25,14:05 BST,25.0,2148.0,2173.0,2148.0,245789,,,,,,,
SSMS.JK,1155.0,2024/10/25,16:11 WIB,15.0,1140.0,1165.0,1140.0,8393900,,,,,,,
CITA.JK,2850.0,2024/10/25,16:02 WIB,50.0,2800.0,2850.0,2800.0,7300,,,,,,,
4519.T,6869.0,2024/10/25,15:15 JST,-73.0,6870.0,6880.0,6777.0,1295500,,,,,,,
GOGL34.SA,77.56,2024/10/25,10:06 BRT,0.7999954,77.54,77.69,77.44,32187,,,,,,,
KIO.JO,33689.0,2024/10/25,15:06 SAST,29.0,33651.0,33710.0,32927.0,222841,,,,,,,
SMSM.JK,1970.0,2024/10/25,16:02 WIB,-10.0,1965.0,1980.0,1945.0,1716800,,,,,,,
4063.T,5760.0,2024/10/25,15:15 JST,-30.0,5730.0,5778.0,5677.0,5004000,,,,,,,
GOGL35.SA,78.82,2024/10/25,10:01 BRT,0.7900009,78.82,78.82,78.82,4,,,,,,,
SMAR.JK,4010.0,2024/10/25,16:00 WIB,30.0,3980.0,4060.0,3980.0,59700,,,,,,,
LGC.VN,60000.0,2024/10/25,13:42 ICT,-2000.0,60000.0,60000.0,60000.0,200,,,,,,,
BBKP.JK,61.0,2024/10/25,16:14 WIB,0.0,62.0,63.0,60.0,178449200,,,,,,,
YPFD.BA,29775.0,2024/10/24,17:11 ART,975.0,29100.0,29950.0,28550.0,440260,,,,,,,
KFH.KW,705.0,2024/10/24,12:44 AST,-3.0,708.0,708.0,705.0,11653455,,,,,,,
024110.KS,14720.0,2024/10/25,15:30 KST,270.0,14450.0,14900.0,14440.0,1632249,,,,,,,
BSSR.JK,4450.0,2024/10/25,16:08 WIB,-50.0,4500.0,4500.0,4430.0,883600,,,,,,,
CHILE.SN,116.43,2024/10/25,09:40 CLST,-0.25,116.43,116.44,116.43,73322,,,,,,,
ULVR.L,4756.0,2024/10/25,14:06 BST,-34.0,4787.0,4791.0,4744.56,617471,,,,,,,
ULVRL.XC,4762.0,2024/10/25,14:21 BST,-31.0,4794.0,4794.0,4745.0,244058,,,,,,,
003550.KS,75400.0,2024/10/25,15:30 KST,-600.0,76000.0,76100.0,74900.0,112880,,,,,,,
003555.KS,59500.0,2024/10/25,15:30 KST,-200.0,59500.0,59700.0,59300.0,2770,,,,,,,
VSH.VN,50300.0,2024/10/25,14:45 ICT,200.0,50100.0,50300.0,50000.0,27600,,,,,,,
DSY.JO,17698.0,2024/10/25,15:06 SAST,48.0,17691.0,17793.0,17540.0,518132,,,,,,,
AUTO.JK,2510.0,2024/10/25,16:13 WIB,-60.0,2570.0,2590.0,2470.0,5393200,,,,,,,
8316.T,3103.0,2024/10/25,15:15 JST,-12.0,3099.0,3117.0,3072.0,9537800,,,,,,,
033780.KS,111600.0,2024/10/25,15:30 KST,2300.0,108800.0,111600.0,108700.0,173220,,,,,,,
9432.T,145.4,2024/10/25,15:15 JST,-0.5,145.9,146.1,144.9,117503100,,,,,,,
DXG.VN,16600.0,2024/10/25,14:45 ICT,350.0,16200.0,16900.0,16150.0,30438400,,,,,,,
017670.KS,57500.0,2024/10/25,15:30 KST,200.0,57700.0,57800.0,57300.0,469558,,,,,,,
AEG.BA,7570.0,2024/10/24,16:57 ART,-30.0,7640.0,7640.0,7550.0,25,,,,,,,
BANK.JK,840.0,2024/10/25,16:00 WIB,-5.0,845.0,845.0,835.0,4297300,,,,,,,
TSPC.JK,2750.0,2024/10/25,16:13 WIB,-90.0,2840.0,2850.0,2750.0,3329700,,,,,,,
267260.KS,345000.0,2024/10/25,15:30 KST,3000.0,347000.0,368500.0,327000.0,901484,,,,,,,
HSBA.L,686.0,2024/10/25,14:06 BST,4.200012,682.8,687.4,682.3,4713272,,,,,,,
HSBAL.XC,686.6,2024/10/25,14:21 BST,5.799988,684.3,687.4,682.3,1332316,,,,,,,
HSG.VN,20300.0,2024/10/25,14:45 ICT,-200.0,20500.0,20700.0,20300.0,5669300,,,,,,,
DSNG.JK,1140.0,2024/10/25,16:06 WIB,20.0,1120.0,1150.0,1100.0,33793200,,,,,,,
MSFT.WA,1690.0,2024/10/22,15:39 CEST,0.0,1690.0,1690.0,1690.0,1,,,,,,,
316140.KS,17080.0,2024/10/25,15:30 KST,430.0,16700.0,17100.0,16660.0,6127970,,,,,,,
MNP.JO,28732.0,2024/10/25,15:06 SAST,-26.0,28657.0,28754.0,28372.0,306908,,,,,,,
FTS.VN,40850.0,2024/10/25,14:45 ICT,250.0,41000.0,41150.0,40850.0,1302000,,,,,,,
9984.T,8751.0,2024/10/25,15:15 JST,-41.0,8720.0,8782.0,8661.0,5573400,,,,,,,
APIC.JK,1065.0,2024/10/25,16:00 WIB,0.0,1065.0,1065.0,1045.0,1856400,,,,,,,
DIG.VN,21050.0,2024/10/25,14:45 ICT,400.0,20900.0,21300.0,20700.0,10121700,,,,,,,
402340.KS,95500.0,2024/10/25,15:30 KST,5500.0,90000.0,96200.0,90000.0,672191,,,,,,,
AALI.JK,6775.0,2024/10/25,16:07 WIB,-125.0,6950.0,6950.0,6775.0,1282600,,,,,,,
034020.KS,20600.0,2024/10/25,15:30 KST,-250.0,20850.0,21300.0,20550.0,4764600,,,,,,,
GRUPOSURA.CL,33220.0,2024/10/24,16:00 EDT,-260.0,0.0,0.0,0.0,0,,,,,,,
BHI.CL,305.0,2024/10/23,15:04 EDT,0.0,0.0,0.0,0.0,0,,,,,,,
WMT.MX,1648.0,2024/10/24,13:53 CST,0.0,1651.58,1648.0,1648.0,463,,,,,,,
HDFCBANK.BO,1742.6,2024/10/25,15:57 IST,-7.5,1757.0,1758.35,1729.0,774016,,,,,,,
HDFCBANK.NS,1743.4,2024/10/25,15:29 IST,-6.25,1755.0,1757.85,1729.15,13064490,,,,,,,
DPM.VN,34050.0,2024/10/25,14:45 ICT,0.0,34200.0,34450.0,34050.0,921800,,,,,,,
PFGRUPSURA.CL,22320.0,2024/10/24,16:00 EDT,40.0,0.0,0.0,0.0,0,,,,,,,
FREN.JK,28.0,2024/10/25,16:14 WIB,1.0,27.0,28.0,27.0,44759300,,,,,,,
HAR.JO,20315.0,2024/10/25,15:05 SAST,-155.0,20690.0,20690.0,20180.0,497424,,,,,,,
6098.T,9058.0,2024/10/25,15:15 JST,-223.0,9166.0,9200.0,9000.0,2974300,,,,,,,
FASW.JK,5500.0,2024/10/25,14:55 WIB,0.0,5500.0,5500.0,5500.0,600,,,,,,,
DHG.VN,104500.0,2024/10/25,14:45 ICT,-500.0,105000.0,105100.0,104100.0,10700,,,,,,,
NVDA.WA,565.5,2024/10/25,14:15 CEST,2.2999878,569.7,569.7,565.5,75,,,,,,,
EON.BD,5214.0,2024/10/24,09:08 CEST,0.0,5214.0,5214.0,5214.0,49,,,,,,,
BUKA.JK,135.0,2024/10/25,16:14 WIB,-5.0,141.0,141.0,135.0,345624800,,,,,,,
NED.JO,29322.0,2024/10/25,15:06 SAST,-530.0,29849.0,29921.0,29237.0,395861,,,,,,,
MLBI.JK,6650.0,2024/10/25,16:00 WIB,-225.0,6900.0,6975.0,6600.0,289200,,,,,,,
009540.KS,199900.0,2024/10/25,15:30 KST,4100.0,196700.0,199800.0,195400.0,349326,,,,,,,
PVD.VN,25650.0,2024/10/25,14:45 ICT,-250.0,26150.0,26150.0,25600.0,3371800,,,,,,,
ABG.JO,16755.0,2024/10/25,15:06 SAST,-98.0,16816.0,16989.0,16751.0,376062,,,,,,,
CTR.VN,126600.0,2024/10/25,14:45 ICT,0.0,127000.0,127500.0,126300.0,1532600,,,,,,,
BMAS.JK,805.0,2024/10/25,14:19 WIB,5.0,780.0,805.0,780.0,11200,,,,,,,
EBR.BA,31225.0,2024/10/24,15:28 ART,-500.0,31400.0,31400.0,31225.0,18,,,,,,,
015760.KS,22800.0,2024/10/25,15:30 KST,-250.0,22850.0,23350.0,22550.0,2791811,,,,,,,
BID.JO,42920.0,2024/10/25,15:05 SAST,-130.0,43050.0,43205.0,42674.0,1038945,,,,,,,
BFIN.JK,975.0,2024/10/25,16:03 WIB,0.0,975.0,990.0,970.0,5182700,,,,,,,
SIP.VN,70100.0,2024/10/25,14:45 ICT,-1400.0,71500.0,71600.0,70100.0,150800,,,,,,,
TCS.NS,4057.55,2024/10/25,15:30 IST,9.6501465,4057.05,4092.0,4032.7,1759429,,,,,,,
TCS.BO,4057.9,2024/10/25,15:58 IST,9.75,4069.9,4091.75,4034.0,142063,,,,,,,
011200.KS,16830.0,2024/10/25,15:30 KST,-220.0,16960.0,17130.0,16700.0,751295,,,,,,,
KDC.VN,51200.0,2024/10/25,14:45 ICT,-300.0,51600.0,51600.0,51000.0,6108300,,,,,,,
SUZ.BA,12025.0,2024/10/24,16:57 ART,50.0,11975.0,12050.0,11925.0,143,,,,,,,
WIKA.JK,372.0,2024/10/25,16:13 WIB,-12.0,384.0,388.0,370.0,19667600,,,,,,,
NLG.VN,38750.0,2024/10/25,14:45 ICT,-150.0,39050.0,39250.0,38750.0,1276200,,,,,,,
JPFA.JK,1680.0,2024/10/25,16:14 WIB,-15.0,1695.0,1710.0,1645.0,31113200,,,,,,,
SNEC34.SA,101.51,2024/10/25,10:01 BRT,1.0100021,101.51,101.51,101.51,15,,,,,,,
CLEO.JK,1265.0,2024/10/25,16:03 WIB,-20.0,1285.0,1285.0,1250.0,3882500,,,,,,,
LIFE.JK,7100.0,2024/10/25,16:04 WIB,-225.0,7325.0,7325.0,7100.0,6000,,,,,,,
000815.KS,278000.0,2024/10/25,15:30 KST,0.0,278000.0,279500.0,276000.0,7494,,,,,,,
GRUPOARGOS.CL,18960.0,2024/10/24,16:00 EDT,260.0,0.0,0.0,0.0,0,,,,,,,
9983.T,49850.0,2024/10/25,15:15 JST,-350.0,49820.0,50040.0,49420.0,870800,,,,,,,
HYGCL.SN,74900.0,2024/10/24,14:57 CLST,-200.0,0.0,74900.0,74900.0,0,,,,,,,
GOOD.JK,414.0,2024/10/25,16:00 WIB,-2.0,408.0,424.0,408.0,185400,,,,,,,
SHP.JO,28233.0,2024/10/25,15:06 SAST,281.0,28000.0,28233.0,27809.0,622410,,,,,,,
KGC.BA,12600.0,2024/10/24,16:10 ART,-75.0,12600.0,12700.0,12375.0,417,,,,,,,
PFGRUPOARG.CL,12300.0,2024/10/24,16:00 EDT,260.0,0.0,0.0,0.0,0,,,,,,,
MIDI.JK,464.0,2024/10/25,16:14 WIB,2.0,462.0,472.0,460.0,14599500,,,,,,,
PNLF.JK,484.0,2024/10/25,16:14 WIB,6.0,478.0,492.0,474.0,144724600,,,,,,,
BBSI.JK,4260.0,2024/10/25,15:49 WIB,70.0,4050.0,4260.0,4050.0,6000,,,,,,,
259960.KS,344500.0,2024/10/25,15:30 KST,-2500.0,346000.0,350000.0,340500.0,45863,,,,,,,
ACES.JK,915.0,2024/10/25,16:10 WIB,5.0,915.0,935.0,915.0,17931700,,,,,,,
SHELL.XC,2551.0,2024/10/25,14:21 BST,8.25,2536.5,2551.0,2532.75,268852,,,,,,,
SHEL.L,2542.0,2024/10/25,14:06 BST,0.0,2536.0,2548.0,2533.0,2129619,,,,,,,
000810.KS,356500.0,2024/10/25,15:30 KST,10000.0,349000.0,358500.0,346500.0,152549,,,,,,,
6861.T,64810.0,2024/10/25,15:15 JST,180.0,64630.0,65210.0,64280.0,298300,,,,,,,
066570.KS,92100.0,2024/10/25,15:30 KST,-5100.0,97400.0,97400.0,91700.0,1000018,,,,,,,
LLY.MX,17650.0,2024/10/24,11:41 CST,0.0,17650.0,17650.0,17650.0,12,,,,,,,
AVY.BA,13400.0,2024/10/24,15:05 ART,-275.0,13450.0,13475.0,13375.0,15,,,,,,,
247540.KQ,157600.0,2024/10/25,15:30 KST,1000.0,160400.0,163400.0,155500.0,349054,,,,,,,
6758.T,2645.0,2024/10/25,15:15 JST,-39.5,2675.0,2677.0,2634.0,7416600,,,,,,,
066575.KS,47250.0,2024/10/25,15:30 KST,-1800.0,49050.0,49050.0,47200.0,37146,,,,,,,
BSIM.JK,805.0,2024/10/25,14:24 WIB,5.0,805.0,805.0,805.0,1700,,,,,,,
035720.KS,36500.0,2024/10/25,15:30 KST,-950.0,37450.0,37700.0,36100.0,852346,,,,,,,
VHC.VN,70800.0,2024/10/25,14:45 ICT,-300.0,71800.0,71800.0,70100.0,628400,,,,,,,
ESSA.JK,945.0,2024/10/25,16:10 WIB,-30.0,975.0,975.0,935.0,22887100,,,,,,,
JPM.MX,4445.0,2024/10/24,12:55 CST,0.0,4410.0,4445.0,4445.0,1032,,,,,,,
IP.BA,14375.0,2024/10/24,13:39 ART,-225.0,14400.0,14400.0,14300.0,20,,,,,,,
VIX.VN,11100.0,2024/10/25,14:45 ICT,-150.0,11350.0,11350.0,11100.0,11382400,,,,,,,
BASF.BD,18500.0,2024/10/24,09:02 CEST,0.0,18500.0,18500.0,18500.0,9,,,,,,,
CMNT.JK,965.0,2024/10/25,16:01 WIB,0.0,965.0,970.0,960.0,35486700,,,,,,,
KPIG.JK,169.0,2024/10/25,16:14 WIB,-1.0,170.0,172.0,169.0,93966300,,,,,,,
MTN.JO,8873.0,2024/10/25,15:05 SAST,-27.0,8900.0,9100.0,8857.0,1304639,,,,,,,
TSLA.MX,5172.0,2024/10/24,13:59 CST,-13.370117,4830.01,5172.0,5172.0,54275,,,,,,,
SNA.BA,64000.0,2024/10/24,16:47 ART,-250.0,63800.0,64000.0,63700.0,7,,,,,,,
VPI.VN,57300.0,2024/10/25,14:45 ICT,500.0,57400.0,57400.0,57000.0,1071900,,,,,,,
SNAP.BA,12075.0,2024/10/24,16:56 ART,100.0,12100.0,12200.0,12050.0,340,,,,,,,
CNMA.JK,204.0,2024/10/25,16:07 WIB,2.0,202.0,208.0,202.0,34682700,,,,,,,
PTRO.JK,16900.0,2024/10/25,16:14 WIB,-100.0,17050.0,17500.0,16800.0,5188400,,,,,,,
BNG.BA,21250.0,2024/10/24,16:59 ART,150.0,21000.0,21325.0,21000.0,360,,,,,,,
012450.KS,378000.0,2024/10/25,15:30 KST,4000.0,375000.0,384500.0,368500.0,280034,,,,,,,
BNII.JK,228.0,2024/10/25,16:09 WIB,-2.0,230.0,232.0,228.0,610900,,,,,,,
HRUM.JK,1310.0,2024/10/25,16:10 WIB,-5.0,1320.0,1325.0,1305.0,6568500,,,,,,,
GEX.VN,20450.0,2024/10/25,14:45 ICT,-50.0,20550.0,20650.0,20400.0,2896800,,,,,,,
329180.KS,198100.0,2024/10/25,15:30 KST,400.0,198900.0,203000.0,196800.0,167345,,,,,,,
VRSN.BA,36525.0,2024/10/24,16:30 ART,-275.0,36800.0,36800.0,36450.0,565,,,,,,,
003670.KS,227000.0,2024/10/25,15:30 KST,-4500.0,238500.0,239000.0,227000.0,241525,,,,,,,
MSFT34.SA,101.2,2024/10/25,10:06 BRT,0.65999603,101.2,101.29,101.19,9728,,,,,,,
RELIANCE.BO,2655.45,2024/10/25,15:55 IST,-24.5,2687.7,2687.7,2645.0,735248,,,,,,,
NMR.BA,6080.0,2024/10/24,14:34 ART,110.0,6050.0,6080.0,6000.0,70,,,,,,,
RELIANCE.NS,2655.7,2024/10/25,15:30 IST,-23.900146,2687.0,2688.7,2644.0,9285486,,,,,,,
AZNL.XC,11642.0,2024/10/25,14:21 BST,-50.0,11698.0,11714.0,11602.0,141960,,,,,,,
AZN.L,11636.0,2024/10/25,14:06 BST,-60.0,11690.0,11716.0,11596.0,345216,,,,,,,
8306.T,1548.5,2024/10/25,15:15 JST,-16.5,1540.0,1555.5,1533.0,39535300,,,,,,,
BSBR.BA,5970.0,2024/10/24,16:29 ART,10.0,6100.0,6100.0,5890.0,736,,,,,,,
032830.KS,101700.0,2024/10/25,15:30 KST,1100.0,100600.0,102500.0,100100.0,154018,,,,,,,
VIV.BA,11200.0,2024/10/23,16:37 ART,0.0,11175.0,0.0,0.0,68,,,,,,,
IMPC.JK,338.0,2024/10/25,16:00 WIB,0.0,338.0,338.0,334.0,4046500,,,,,,,
6501.T,4013.0,2024/10/25,15:15 JST,39.0,3943.0,4144.0,3923.0,15954100,,,,,,,
VGC.VN,40500.0,2024/10/25,14:45 ICT,0.0,40600.0,40600.0,40000.0,527200,,,,,,,
GFI.BA,21050.0,2024/10/24,16:57 ART,-200.0,21100.0,21100.0,20650.0,292,,,,,,,
SLM.JO,8846.0,2024/10/25,15:05 SAST,-5.0,8900.0,8915.0,8796.0,402870,,,,,,,
STTP.JK,14425.0,2024/10/24,15:28 WIB,0.0,13875.0,14450.0,13875.0,1600,,,,,,,
TAPG.JK,910.0,2024/10/25,16:07 WIB,0.0,915.0,945.0,900.0,20266600,,,,,,,
086790.KS,66500.0,2024/10/25,15:30 KST,2600.0,64400.0,69200.0,64400.0,2519532,,,,,,,
138040.KS,104800.0,2024/10/25,15:30 KST,-200.0,105000.0,105900.0,104200.0,286319,,,,,,,
PDR.VN,21650.0,2024/10/25,14:45 ICT,300.0,21450.0,21900.0,21350.0,12361600,,,,,,,
FAPA.JK,5300.0,2024/10/25,15:33 WIB,0.0,5300.0,5300.0,5275.0,6000,,,,,,,
BMW.BD,30200.0,2024/10/24,09:02 CEST,0.0,30200.0,30200.0,30200.0,13,,,,,,,
DCM.VN,36600.0,2024/10/25,14:45 ICT,0.0,36700.0,37200.0,36600.0,1759400,,,,,,,
ULTJ.JK,1860.0,2024/10/25,16:09 WIB,0.0,1860.0,1870.0,1850.0,781700,,,,,,,
BRKB.MX,9000.07,2024/10/24,13:50 CST,0.0,9130.0,9000.07,9000.07,350,,,,,,,
NVDC34.SA,16.7,2024/10/25,10:06 BRT,0.12000084,16.69,16.72,16.68,154463,,,,,,,
SIDO.JK,615.0,2024/10/25,16:14 WIB,-10.0,625.0,625.0,605.0,94478100,,,,,,,
MCOL.JK,5500.0,2024/10/25,15:39 WIB,0.0,5500.0,5525.0,5475.0,13300,,,,,,,
196170.KQ,374000.0,2024/10/25,15:30 KST,-8000.0,381500.0,385000.0,371000.0,296491,,,,,,,
AAPL34.SA,65.42,2024/10/25,10:06 BRT,-0.08000183,65.25,65.49,65.25,12787,,,,,,,
S32.JO,4324.0,2024/10/25,15:05 SAST,-11.0,4294.0,4341.0,4293.0,279187,,,,,,,
MPRO.JK,2020.0,2024/10/25,16:01 WIB,0.0,2020.0,2020.0,1970.0,27600,,,,,,,
NVL.VN,10200.0,2024/10/25,14:45 ICT,50.0,10100.0,10300.0,10100.0,3267100,,,,,,,
AMS.JO,74572.0,2024/10/25,15:06 SAST,-385.0,74300.0,75358.0,72751.0,601163,,,,,,,
KBC.VN,25900.0,2024/10/25,14:45 ICT,100.0,26250.0,26250.0,25850.0,1469000,,,,,,,
VCI.VN,34500.0,2024/10/25,14:45 ICT,0.0,34500.0,34650.0,34100.0,8164900,,,,,,,
FSLR.BA,12825.0,2024/10/24,16:57 ART,100.0,12725.0,12875.0,12675.0,2711,,,,,,,
VND.VN,14300.0,2024/10/25,14:45 ICT,0.0,14400.0,14500.0,14300.0,5680600,,,,,,,
HCM.VN,28300.0,2024/10/25,14:45 ICT,100.0,28250.0,28450.0,28200.0,6450100,,,,,,,
TSMN.MX,3953.97,2024/10/24,13:17 CST,0.0,3936.0,3953.97,3953.97,691,,,,,,,
MFIN.JK,4080.0,2024/10/25,16:12 WIB,250.0,3830.0,4440.0,3820.0,588700,,,,,,,
ISA.CL,18180.0,2024/10/24,16:00 EDT,440.0,0.0,0.0,0.0,0,,,,,,,
BBTN.JK,1470.0,2024/10/25,16:14 WIB,-25.0,1505.0,1505.0,1460.0,14898200,,,,,,,
NAB.VN,15600.0,2024/10/25,14:45 ICT,0.0,15550.0,15650.0,15500.0,7158587,,,,,,,
028260.KS,132200.0,2024/10/25,15:30 KST,-1400.0,133200.0,135200.0,131500.0,214186,,,,,,,
006400.KS,322000.0,2024/10/25,15:30 KST,-5500.0,333500.0,335000.0,321000.0,217621,,,,,,,
006405.KS,203500.0,2024/10/25,15:30 KST,-3000.0,208000.0,209500.0,202000.0,1836,,,,,,,
VOD.JO,11018.0,2024/10/25,15:04 SAST,117.0,10973.0,11105.0,10895.0,487490,,,,,,,
02826K.KS,99900.0,2024/10/25,15:30 KST,300.0,99500.0,100500.0,99500.0,3018,,,,,,,
ANG.JO,52621.0,2024/10/25,15:06 SAST,-568.0,53075.0,53272.0,52380.0,342709,,,,,,,
HEAL.JK,1480.0,2024/10/25,16:01 WIB,-5.0,1485.0,1490.0,1445.0,16029400,,,,,,,
PWON.JK,468.0,2024/10/25,16:14 WIB,-4.0,472.0,482.0,460.0,72216600,,,,,,,
BBHI.JK,1000.0,2024/10/25,16:00 WIB,30.0,975.0,1000.0,950.0,528500,,,,,,,
TKIM.JK,7325.0,2024/10/25,16:11 WIB,25.0,7350.0,7350.0,7225.0,468800,,,,,,,
GMD.VN,62700.0,2024/10/25,14:45 ICT,-100.0,62600.0,63000.0,62000.0,731500,,,,,,,
FRT.VN,168500.0,2024/10/25,14:45 ICT,-2300.0,169000.0,169900.0,168500.0,267400,,,,,,,
012330.KS,256500.0,2024/10/25,15:30 KST,6500.0,249500.0,267000.0,248000.0,823915,,,,,,,
PGV.VN,20400.0,2024/10/25,14:45 ICT,400.0,20000.0,20950.0,19800.0,15500,,,,,,,
GEB.CL,2535.0,2024/10/24,15:53 EDT,0.0,0.0,0.0,0.0,0,,,,,,,
051915.KS,219000.0,2024/10/25,15:30 KST,-7500.0,228500.0,230500.0,219000.0,15648,,,,,,,
BTPN.JK,2260.0,2024/10/25,16:11 WIB,-10.0,2300.0,2300.0,2250.0,83900,,,,,,,
051910.KS,322500.0,2024/10/25,15:30 KST,-5500.0,334000.0,336000.0,321000.0,199007,,,,,,,
KEP.BA,9720.0,2024/10/24,15:55 ART,370.0,9760.0,9760.0,9720.0,13,,,,,,,
CTRA.JK,1330.0,2024/10/25,16:14 WIB,-5.0,1335.0,1350.0,1325.0,20008700,,,,,,,
KB.BA,39700.0,2024/10/24,11:24 ART,-625.0,39700.0,39700.0,39700.0,368,,,,,,,
BINA.JK,4090.0,2024/10/25,16:00 WIB,-10.0,4030.0,4090.0,4030.0,104000,,,,,,,
BRFS.BA,15350.0,2024/10/24,16:59 ART,-25.0,15275.0,15400.0,15150.0,395,,,,,,,
BSDE.JK,1210.0,2024/10/25,16:14 WIB,-25.0,1250.0,1255.0,1205.0,26064700,,,,,,,
010130.KS,1253000.0,2024/10/25,15:30 KST,115000.0,1251000.0,1470000.0,1180000.0,344643,,,,,,,
MKPI.JK,26700.0,2024/10/24,09:02 WIB,-25.0,26700.0,26700.0,26700.0,15000,,,,,,,
035420.KS,167800.0,2024/10/25,15:30 KST,-4300.0,172100.0,172900.0,167100.0,627017,,,,,,,
SBS.BA,37175.0,2024/10/24,12:51 ART,-475.0,37175.0,37175.0,37175.0,11,,,,,,,
IFF.BA,10025.0,2024/10/24,16:57 ART,-200.0,10075.0,10100.0,10025.0,80,,,,,,,
005490.KS,335500.0,2024/10/25,15:30 KST,-4000.0,341000.0,345500.0,333000.0,182841,,,,,,,
INTP.JK,7600.0,2024/10/25,16:14 WIB,-125.0,7700.0,7750.0,7500.0,1610600,,,,,,,
BIIB.BA,16625.0,2024/10/24,16:31 ART,-25.0,16950.0,16950.0,16625.0,340,,,,,,,
SID.BA,19500.0,2024/10/24,16:40 ART,50.0,19050.0,19575.0,19050.0,749,,,,,,,
BDMN.JK,2620.0,2024/10/25,16:00 WIB,20.0,2600.0,2620.0,2600.0,928100,,,,,,,
MLPT.JK,13900.0,2024/10/18,16:00 WIB,0.0,11675.0,13900.0,11675.0,1126000,,,,,,,
CAH.BA,44050.0,2024/10/24,15:04 ART,-400.0,44300.0,44400.0,44050.0,28,,,,,,,
MAPA.JK,905.0,2024/10/25,16:12 WIB,10.0,895.0,920.0,885.0,16228100,,,,,,,
ERIC.BA,4990.0,2024/10/24,15:22 ART,15.0,5000.0,5030.0,4980.0,113,,,,,,,
2330.TW,1065.0,2024/10/25,13:30 CST,5.0,1065.0,1065.0,1060.0,22518315,,,,,,,
AKRA.JK,1410.0,2024/10/25,16:14 WIB,-10.0,1420.0,1425.0,1405.0,16167000,,,,,,,
GFI.JO,31130.0,2024/10/25,15:06 SAST,-507.0,31475.0,31685.0,30941.0,618450,,,,,,,
MAPI.JK,1695.0,2024/10/25,16:13 WIB,-40.0,1735.0,1735.0,1690.0,8303900,,,,,,,
POW.VN,11900.0,2024/10/25,14:45 ICT,-200.0,12200.0,12200.0,11900.0,4969300,,,,,,,
ORAN.BA,13200.0,2024/10/18,13:59 ART,0.0,0.0,0.0,0.0,0,,,,,,,
META.MX,11282.0,2024/10/24,13:58 CST,9.709961,11250.14,11282.0,11282.0,1674,,,,,,,
OCB.VN,11400.0,2024/10/25,14:45 ICT,-100.0,11600.0,11650.0,11400.0,3609600,,,,,,,
ITMG.JK,25525.0,2024/10/25,16:11 WIB,-150.0,25700.0,25700.0,25500.0,1081200,,,,,,,
KDH.VN,33150.0,2024/10/25,14:45 ICT,-500.0,33650.0,33750.0,33150.0,2212100,,,,,,,
GGRM.JK,15150.0,2024/10/25,16:14 WIB,-225.0,15400.0,15400.0,15150.0,511200,,,,,,,
055550.KS,58000.0,2024/10/25,15:30 KST,1900.0,56500.0,59900.0,56500.0,2223554,,,,,,,
VOD.BA,11225.0,2024/10/24,16:48 ART,-50.0,11350.0,11350.0,11200.0,607,,,,,,,
PHG.BA,7600.0,2024/10/24,15:29 ART,60.0,7580.0,7600.0,7580.0,24,,,,,,,
REE.VN,63000.0,2024/10/25,14:45 ICT,-500.0,63900.0,63900.0,63000.0,298649,,,,,,,
SMGR.JK,4390.0,2024/10/25,16:14 WIB,100.0,4290.0,4380.0,4270.0,15277100,,,,,,,
EXCL.JK,2270.0,2024/10/25,16:11 WIB,10.0,2270.0,2290.0,2260.0,10612200,,,,,,,
FILM.JK,3110.0,2024/10/25,16:05 WIB,-10.0,3120.0,3180.0,3030.0,10605400,,,,,,,
AVIA.JK,480.0,2024/10/25,16:13 WIB,2.0,480.0,484.0,476.0,24495600,,,,,,,
EMTK.JK,492.0,2024/10/25,16:14 WIB,-18.0,510.0,525.0,492.0,48810300,,,,,,,
EBAY.BA,37450.0,2024/10/24,16:58 ART,-250.0,37750.0,37825.0,37450.0,120,,,,,,,
BIDU.BA,9600.0,2024/10/24,16:58 ART,-100.0,9690.0,9690.0,9400.0,5674,,,,,,,
GRMN.BA,63650.0,2024/10/24,16:32 ART,-500.0,64000.0,64000.0,63600.0,16,,,,,,,
ERJ.BA,41275.0,2024/10/24,16:57 ART,0.0,41250.0,41575.0,41100.0,314,,,,,,,
NISP.JK,1350.0,2024/10/25,16:14 WIB,-5.0,1355.0,1365.0,1345.0,12529600,,,,,,,
SRTG.JK,2280.0,2024/10/25,16:14 WIB,-60.0,2350.0,2380.0,2290.0,14799000,,,,,,,
PNJ.VN,94100.0,2024/10/25,14:45 ICT,100.0,94100.0,94200.0,93900.0,438600,,,,,,,
EEMCL.SN,42900.0,2024/10/24,15:05 CLST,-520.0,0.0,42900.0,42900.0,0,,,,,,,
LQDCL.SN,103600.0,2024/10/24,14:57 CLST,-1300.0,0.0,103600.0,103600.0,0,,,,,,,
CASA.JK,535.0,2024/10/25,16:00 WIB,-5.0,540.0,540.0,510.0,1665100,,,,,,,
BVH.VN,43350.0,2024/10/25,14:45 ICT,-100.0,43500.0,43550.0,43300.0,156000,,,,,,,
MEDC.JK,1305.0,2024/10/25,16:14 WIB,-40.0,1345.0,1345.0,1300.0,32656600,,,,,,,
NUE.BA,10400.0,2024/10/24,16:57 ART,-50.0,10500.0,10500.0,10375.0,370,,,,,,,
BBD.BA,3095.0,2024/10/24,16:58 ART,-40.0,3055.0,3150.0,3055.0,18539,,,,,,,
PTBA.JK,2880.0,2024/10/25,16:14 WIB,-40.0,2920.0,2940.0,2880.0,17372800,,,,,,,
MSB.VN,12250.0,2024/10/25,14:45 ICT,-100.0,12400.0,12450.0,12100.0,16723300,,,,,,,
BCOLOMBIA.CL,37000.0,2024/10/24,16:00 EDT,200.0,0.0,0.0,0.0,0,,,,,,,
HPQ.BA,43000.0,2024/10/24,16:47 ART,475.0,42800.0,43000.0,42650.0,4,,,,,,,
DD.BA,19825.0,2024/10/24,11:35 ART,-175.0,19825.0,19825.0,19825.0,2,,,,,,,
JSMR.JK,4720.0,2024/10/25,16:09 WIB,-80.0,4810.0,4820.0,4720.0,6308900,,,,,,,
GOLD.BA,11950.0,2024/10/24,16:59 ART,-375.0,12375.0,12375.0,11775.0,45148,,,,,,,
7203.T,2600.0,2024/10/25,15:15 JST,-2.5,2594.5,2619.0,2577.0,18218000,,,,,,,
PFBCOLOM.CL,34320.0,2024/10/24,16:00 EDT,720.0,0.0,0.0,0.0,0,,,,,,,
TYT.L,2594.5,2024/10/25,07:20 BST,-26.0,2594.5,2594.5,2594.5,324,,,,,,,
NUTRESA.CL,77540.0,2024/10/24,13:37 EDT,-4960.0,0.0,0.0,0.0,0,,,,,,,
SYY.BA,11000.0,2024/10/24,16:57 ART,-25.0,10900.0,11050.0,10900.0,68,,,,,,,
TCPI.JK,7250.0,2024/10/25,16:00 WIB,25.0,7225.0,7250.0,7050.0,9231700,,,,,,,
PGAS.JK,1500.0,2024/10/25,16:14 WIB,-30.0,1530.0,1535.0,1500.0,32979100,,,,,,,
SRAJ.JK,3080.0,2024/10/25,16:04 WIB,50.0,3030.0,3100.0,3000.0,301200,,,,,,,
000270.KS,92700.0,2024/10/25,15:30 KST,1800.0,90100.0,93500.0,89900.0,2144123,,,,,,,
LVS.BA,31000.0,2024/10/24,16:57 ART,575.0,30750.0,31000.0,30750.0,37,,,,,,,
CPI.JO,317500.0,2024/10/25,15:06 SAST,-4649.0,321550.0,323887.0,317282.0,134891,,,,,,,
SHB.VN,10400.0,2024/10/25,14:45 ICT,-150.0,10550.0,10600.0,10400.0,12971100,,,,,,,
ANTM.JK,1585.0,2024/10/25,16:14 WIB,-35.0,1620.0,1655.0,1585.0,84326300,,,,,,,
105560.KS,101000.0,2024/10/25,15:30 KST,7800.0,96000.0,103300.0,96000.0,2817885,,,,,,,
068270.KS,186400.0,2024/10/25,15:30 KST,500.0,186000.0,188700.0,182500.0,587425,,,,,,,
GLW.BA,13775.0,2024/10/24,16:57 ART,-125.0,13875.0,13875.0,13775.0,40,,,,,,,
SILO.JK,3010.0,2024/10/25,16:09 WIB,-50.0,3010.0,3060.0,3000.0,776300,,,,,,,
AMZN.MX,3699.0,2024/10/24,13:59 CST,1.6000977,3677.0,3699.0,3699.0,3081,,,,,,,
EIB.VN,20850.0,2024/10/25,14:45 ICT,-550.0,21350.0,21600.0,20850.0,14991100,,,,,,,
TOWR.JK,795.0,2024/10/25,16:14 WIB,-10.0,805.0,805.0,795.0,14528600,,,,,,,
SBK.JO,23772.0,2024/10/25,15:06 SAST,-67.0,23800.0,24057.0,23768.0,575077,,,,,,,
ARTO.JK,2860.0,2024/10/25,16:14 WIB,-60.0,2930.0,2940.0,2850.0,4963100,,,,,,,
HWM.BA,118950.0,2024/10/24,16:57 ART,-3700.0,120450.0,120450.0,118950.0,152,,,,,,,
GOOGL.MX,3235.0,2024/10/24,13:55 CST,0.0,3228.59,3235.0,3235.0,803,,,,,,,
MIKA.JK,2850.0,2024/10/25,16:08 WIB,0.0,2860.0,2890.0,2850.0,7292700,,,,,,,
GOOG.MX,3260.01,2024/10/24,13:57 CST,-6.3500977,3245.0,3260.01,3260.01,288,,,,,,,
DGC.VN,109100.0,2024/10/25,14:45 ICT,-1400.0,110500.0,111300.0,109100.0,1805400,,,,,,,
VRE.VN,18150.0,2024/10/25,14:45 ICT,0.0,18250.0,18300.0,18100.0,4770300,,,,,,,
TBIG.JK,1880.0,2024/10/25,16:14 WIB,5.0,1875.0,1880.0,1860.0,854600,,,,,,,
AEM.BA,17200.0,2024/10/24,16:57 ART,-200.0,17500.0,17500.0,17000.0,203,,,,,,,
INCO.JK,4070.0,2024/10/25,16:14 WIB,-50.0,4120.0,4160.0,4070.0,5240800,,,,,,,
CMRY.JK,5425.0,2024/10/25,16:04 WIB,-200.0,5600.0,5625.0,5400.0,603400,,,,,,,
TIMB.BA,17900.0,2024/10/24,16:57 ART,-25.0,17825.0,17950.0,17825.0,22,,,,,,,
VALE.BA,6180.0,2024/10/24,16:59 ART,-10.0,6190.0,6220.0,6140.0,204414,,,,,,,
INKP.JK,8025.0,2024/10/25,16:14 WIB,-25.0,8050.0,8125.0,8000.0,2987400,,,,,,,
KMB.BA,26975.0,2024/10/24,16:57 ART,-125.0,26975.0,27100.0,26900.0,48,,,,,,,
HVN.VN,20300.0,2024/10/25,14:45 ICT,-200.0,20500.0,20550.0,20300.0,1127800,,,,,,,
FSR.JO,8069.0,2024/10/25,15:06 SAST,-231.0,8286.0,8346.0,8031.0,11791391,,,,,,,
ROST.BA,42525.0,2024/10/24,16:59 ART,-575.0,42850.0,42900.0,42425.0,48,,,,,,,
TPB.VN,17050.0,2024/10/25,14:45 ICT,0.0,17150.0,17300.0,17000.0,16901500,,,,,,,
E.BA,9050.0,2024/10/23,13:23 ART,0.0,9070.0,0.0,0.0,6,,,,,,,
PGEO.JK,1125.0,2024/10/25,16:14 WIB,-5.0,1130.0,1135.0,1125.0,6969300,,,,,,,
SSB.VN,16650.0,2024/10/25,14:45 ICT,0.0,16650.0,16650.0,16350.0,1739600,,,,,,,
BNGA.JK,1895.0,2024/10/25,16:14 WIB,-20.0,1915.0,1920.0,1885.0,4893400,,,,,,,
BNLI.JK,1285.0,2024/10/25,16:12 WIB,255.0,1080.0,1285.0,1080.0,19935300,,,,,,,
PNBN.JK,1955.0,2024/10/25,16:13 WIB,55.0,1900.0,1975.0,1885.0,10064100,,,,,,,
LYG.BA,1890.0,2024/10/24,16:58 ART,-5.0,1930.0,1930.0,1865.0,427,,,,,,,
MFG.BA,4820.0,2024/10/24,16:35 ART,-35.0,4820.0,4820.0,4815.0,186,,,,,,,
SSI.VN,26700.0,2024/10/25,14:45 ICT,-100.0,26800.0,26900.0,26700.0,7953400,,,,,,,
ING.BA,6630.0,2024/10/24,16:44 ART,20.0,6660.0,6660.0,6610.0,42,,,,,,,
MTEL.JK,635.0,2024/10/25,16:11 WIB,-5.0,640.0,650.0,630.0,10954800,,,,,,,
BUMI.JK,141.0,2024/10/25,16:14 WIB,-5.0,148.0,153.0,141.0,2651559700,,,,,,,
BRMS.JK,350.0,2024/10/25,16:14 WIB,-12.0,362.0,374.0,350.0,1039365700,,,,,,,
PCAR.BA,41225.0,2024/10/24,16:55 ART,0.0,41200.0,41425.0,41200.0,204,,,,,,,
PLX.VN,41550.0,2024/10/25,14:45 ICT,-200.0,41800.0,41850.0,41450.0,475900,,,,,,,
TRVV.BA,50450.0,2024/10/24,13:19 ART,-500.0,50450.0,50450.0,50450.0,1,,,,,,,
BK.BA,45150.0,2024/10/24,13:03 ART,-150.0,45300.0,45300.0,45150.0,18,,,,,,,
IAUCL.SN,48600.0,2024/10/23,12:28 CLST,941.0,0.0,48600.0,48600.0,0,,,,,,,
VIB.VN,18250.0,2024/10/25,14:45 ICT,-250.0,18650.0,18700.0,18250.0,18285000,,,,,,,
NEM.BA,19400.0,2024/10/24,16:59 ART,-3500.0,21075.0,21075.0,19250.0,6493,,,,,,,
BELI.JK,452.0,2024/10/25,16:00 WIB,0.0,452.0,458.0,450.0,704200,,,,,,,
HMC.BA,35700.0,2024/10/24,16:35 ART,-500.0,36050.0,36050.0,35650.0,38,,,,,,,
ITUB.BA,7410.0,2024/10/24,16:59 ART,-10.0,7390.0,7480.0,7330.0,716,,,,,,,
005380.KS,225500.0,2024/10/25,15:30 KST,-3000.0,226500.0,231000.0,220500.0,1116832,,,,,,,
005385.KS,163600.0,2024/10/25,15:30 KST,-1200.0,164800.0,165300.0,162300.0,123634,,,,,,,
VJC.VN,104200.0,2024/10/25,14:45 ICT,0.0,104200.0,104300.0,103400.0,1734700,,,,,,,
SLB.BA,16225.0,2024/10/24,16:58 ART,-500.0,16425.0,16500.0,16175.0,1353,,,,,,,
MBMA.JK,525.0,2024/10/25,16:14 WIB,-5.0,530.0,535.0,530.0,36609000,,,,,,,
005389.KS,163000.0,2024/10/25,15:30 KST,-300.0,163800.0,164600.0,161700.0,15023,,,,,,,
005387.KS,169900.0,2024/10/25,15:30 KST,1200.0,169500.0,172900.0,167900.0,185202,,,,,,,
JD.BA,11550.0,2024/10/24,16:58 ART,-250.0,11600.0,11650.0,11450.0,8024,,,,,,,
NCKL.JK,905.0,2024/10/25,16:13 WIB,0.0,905.0,905.0,890.0,10357000,,,,,,,
MYOR.JK,2600.0,2024/10/25,16:14 WIB,-30.0,2630.0,2660.0,2600.0,8067200,,,,,,,
MEGA.JK,4940.0,2024/10/25,15:49 WIB,0.0,4990.0,4990.0,4940.0,1800,,,,,,,
ADMR.JK,1400.0,2024/10/25,16:14 WIB,-15.0,1415.0,1425.0,1400.0,11772700,,,,,,,
AIG.BA,18250.0,2024/10/24,16:57 ART,-100.0,18275.0,18325.0,18200.0,47,,,,,,,
AMX.BA,19425.0,2024/10/24,16:52 ART,-300.0,19675.0,19725.0,19425.0,36,,,,,,,
MDKA.JK,2450.0,2024/10/25,16:14 WIB,-80.0,2540.0,2550.0,2430.0,27081900,,,,,,,
NGG.BA,39075.0,2024/10/24,16:48 ART,-325.0,39400.0,39400.0,38975.0,212,,,,,,,
MSFT.MX,8404.45,2024/10/24,13:59 CST,-2.9501953,8420.0,8404.45,8404.45,1896,,,,,,,
FDX.BA,32225.0,2024/10/24,16:57 ART,425.0,32100.0,32575.0,32075.0,992,,,,,,,
FCX.BA,18400.0,2024/10/24,16:57 ART,-500.0,18900.0,18900.0,18400.0,704,,,,,,,
GEMS.JK,10925.0,2024/10/25,16:12 WIB,150.0,10775.0,10975.0,10775.0,116700,,,,,,,
INDF.JK,7500.0,2024/10/25,16:12 WIB,-25.0,7575.0,7575.0,7450.0,6074400,,,,,,,
MMM.BA,14900.0,2024/10/24,16:59 ART,-275.0,15300.0,15300.0,14825.0,7359,,,,,,,
TGT.BA,7390.0,2024/10/24,16:59 ART,50.0,7210.0,7420.0,7210.0,2122,,,,,,,
STB.VN,33450.0,2024/10/25,14:45 ICT,50.0,33650.0,34000.0,33300.0,19673700,,,,,,,
BCM.VN,65600.0,2024/10/25,14:45 ICT,-200.0,65600.0,65800.0,65300.0,105100,,,,,,,
AGL.JO,55701.0,2024/10/25,15:06 SAST,603.0,54877.0,55701.0,54199.0,271909,,,,,,,
NVDA.MX,2785.0,2024/10/24,13:59 CST,-2.3701172,2782.77,2785.0,2785.0,26160,,,,,,,
BBV.BA,11525.0,2024/10/24,16:57 ART,-100.0,11675.0,11675.0,11500.0,449,,,,,,,
AAPL.MX,4570.0,2024/10/24,13:43 CST,0.0,4559.0,4570.0,4570.0,890,,,,,,,
SAB.VN,55500.0,2024/10/25,14:45 ICT,-400.0,55900.0,56000.0,55200.0,469500,,,,,,,
ECOPETROL.CL,1730.0,2024/10/24,16:00 EDT,10.0,0.0,0.0,0.0,0,,,,,,,
DEO.BA,26450.0,2024/10/24,16:39 ART,-175.0,26500.0,26575.0,26375.0,125,,,,,,,
USB.BA,11425.0,2024/10/24,14:37 ART,-25.0,11425.0,11525.0,11425.0,115,,,,,,,
ISAT.JK,2300.0,2024/10/25,16:14 WIB,-140.0,2440.0,2440.0,2270.0,28961300,,,,,,,
GSK.BA,11150.0,2024/10/24,16:58 ART,-150.0,11325.0,11325.0,11150.0,399,,,,,,,
NPN.JO,420735.0,2024/10/25,15:06 SAST,7925.0,412810.0,421758.0,412810.0,168221,,,,,,,
KLBF.JK,1620.0,2024/10/25,16:14 WIB,-25.0,1655.0,1655.0,1620.0,24172100,,,,,,,
GOTO.JK,70.0,2024/10/25,16:14 WIB,-2.0,72.0,73.0,70.0,3097612300,,,,,,,
MSI.BA,27550.0,2024/10/24,16:54 ART,-175.0,27650.0,27650.0,27425.0,67,,,,,,,
207940.KS,1061000.0,2024/10/25,15:30 KST,20000.0,1038000.0,1082000.0,1021000.0,85114,,,,,,,
HDB.VN,26900.0,2024/10/25,14:45 ICT,0.0,26900.0,26900.0,26650.0,5776300,,,,,,,
CL.BA,39275.0,2024/10/24,16:59 ART,200.0,39075.0,39375.0,39050.0,540,,,,,,,
UNVR.JK,2100.0,2024/10/25,16:13 WIB,-30.0,2130.0,2160.0,2100.0,30244700,,,,,,,
BP.BA,7390.0,2024/10/24,16:59 ART,-30.0,7300.0,7450.0,7300.0,752,,,,,,,
PYPL.BA,11975.0,2024/10/24,16:57 ART,-25.0,12175.0,12250.0,11925.0,4113,,,,,,,
HMSP.JK,695.0,2024/10/25,16:12 WIB,-10.0,705.0,710.0,695.0,17976600,,,,,,,
MSIN.JK,1350.0,2024/10/25,16:00 WIB,-35.0,1365.0,1380.0,1350.0,3407200,,,,,,,
LPB.VN,32100.0,2024/10/25,14:45 ICT,300.0,31900.0,32150.0,31700.0,1119700,,,,,,,
MO.BA,14700.0,2024/10/24,16:50 ART,-100.0,14850.0,14850.0,14625.0,2912,,,,,,,
CPIN.JK,5150.0,2024/10/25,16:14 WIB,0.0,5200.0,5200.0,5125.0,5797200,,,,,,,
BCS.BA,15575.0,2024/10/24,16:51 ART,800.0,15475.0,15625.0,15425.0,92,,,,,,,
SCCO.BA,67350.0,2024/10/24,16:57 ART,-100.0,67450.0,67950.0,67200.0,13,,,,,,,
INFY.BA,25950.0,2024/10/24,16:34 ART,-425.0,26350.0,26350.0,25950.0,69,,,,,,,
CUAN.JK,7625.0,2024/10/25,16:13 WIB,-25.0,7650.0,7900.0,7625.0,2623700,,,,,,,
BA.BA,7610.0,2024/10/24,16:57 ART,-140.0,7570.0,7690.0,7520.0,4037,,,,,,,
SMMA.JK,14600.0,2024/10/25,16:00 WIB,0.0,14600.0,14600.0,14350.0,5400,,,,,,,
INTC.BA,5280.0,2024/10/24,16:59 ART,90.0,5250.0,5280.0,5190.0,30965,,,,,,,
373220.KS,407000.0,2024/10/25,15:30 KST,500.0,419000.0,419000.0,406500.0,242245,,,,,,,
MWG.VN,65500.0,2024/10/25,14:45 ICT,100.0,65400.0,66000.0,65000.0,6032300,,,,,,,
BRPT.JK,1010.0,2024/10/25,16:14 WIB,-10.0,1025.0,1035.0,1000.0,38344400,,,,,,,
UNTR.JK,26800.0,2024/10/25,16:14 WIB,-75.0,26875.0,26925.0,26725.0,1790100,,,,,,,
RIO.BA,9530.0,2024/10/24,16:59 ART,-60.0,9560.0,9570.0,9480.0,2149,,,,,,,
MELI.BA,20250.0,2024/10/24,16:59 ART,100.0,20000.0,20325.0,19925.0,28624,,,,,,,
IBN.BA,34850.0,2024/10/24,16:13 ART,-425.0,35100.0,35100.0,34750.0,34,,,,,,,
SAP.BD,84850.0,2024/10/21,15:52 CEST,0.0,84850.0,84850.0,84850.0,1,,,,,,,
BMY.BA,20775.0,2024/10/24,16:57 ART,-125.0,21025.0,21050.0,20650.0,407,,,,,,,
MMC.BA,16350.0,2024/10/24,15:17 ART,-325.0,16575.0,16575.0,16350.0,56,,,,,,,
SBUX.BA,9530.0,2024/10/24,16:57 ART,-120.0,9320.0,9830.0,9320.0,2283,,,,,,,
GILD.BA,26275.0,2024/10/24,16:57 ART,300.0,26150.0,26325.0,26125.0,158,,,,,,,
DCII.JK,45350.0,2024/10/25,16:00 WIB,-575.0,45900.0,45900.0,45350.0,700,,,,,,,
DE.BA,12175.0,2024/10/24,16:57 ART,100.0,11600.0,12175.0,11600.0,662,,,,,,,
ADI.BA,18025.0,2024/10/24,16:57 ART,150.0,18125.0,18150.0,17975.0,145,,,,,,,
MSN.VN,77200.0,2024/10/25,14:45 ICT,-1300.0,79100.0,79300.0,77200.0,11371500,,,,,,,
GLN.JO,9192.0,2024/10/25,15:05 SAST,-8.0,9182.0,9196.0,9120.0,346543,,,,,,,
ADRO.JK,3660.0,2024/10/25,16:14 WIB,-20.0,3700.0,3710.0,3590.0,77709700,,,,,,,
ACB.VN,24900.0,2024/10/25,14:45 ICT,-100.0,25000.0,25100.0,24850.0,10970400,,,,,,,
MDT.BA,26850.0,2024/10/24,16:51 ART,-600.0,27150.0,27175.0,26850.0,1199,,,,,,,
NKE.BA,7780.0,2024/10/24,16:59 ART,-150.0,7920.0,7990.0,7770.0,30657,,,,,,,
ADP.BA,57650.0,2024/10/23,15:36 ART,0.0,57400.0,0.0,0.0,21,,,,,,,
ABEV.BA,8120.0,2024/10/24,16:54 ART,40.0,8060.0,8130.0,7950.0,738,,,,,,,
LMT.BA,33400.0,2024/10/24,16:39 ART,-575.0,34050.0,34050.0,33300.0,460,,,,,,,
DNET.JK,9200.0,2024/10/25,16:00 WIB,-100.0,9300.0,9450.0,9250.0,15200,,,,,,,
MBB.VN,24650.0,2024/10/25,14:45 ICT,-50.0,24800.0,24800.0,24550.0,10691300,,,,,,,
HON.BA,30800.0,2024/10/24,16:57 ART,-1850.0,31500.0,31550.0,30800.0,253,,,,,,,
BTI.JO,61063.0,2024/10/25,15:05 SAST,-19.0,60842.0,61080.0,60653.0,542516,,,,,,,
000660.KS,201000.0,2024/10/25,15:30 KST,2800.0,203000.0,206000.0,199400.0,5681460,,,,,,,
BRIS.JK,3010.0,2024/10/25,16:14 WIB,-80.0,3100.0,3110.0,3010.0,20604100,,,,,,,
BHP.BA,32975.0,2024/10/24,16:48 ART,-75.0,33100.0,33100.0,32875.0,19,,,,,,,
DISN.BA,9360.0,2024/10/24,16:58 ART,-140.0,9500.0,9500.0,9350.0,13843,,,,,,,
VNM.VN,68000.0,2024/10/25,14:45 ICT,-400.0,68600.0,68600.0,67900.0,2170200,,,,,,,
TTE.BA,25475.0,2024/10/24,16:57 ART,-25.0,25400.0,25575.0,25375.0,99,,,,,,,
AMRT.JK,3480.0,2024/10/25,16:14 WIB,-70.0,3560.0,3580.0,3480.0,14934300,,,,,,,
AMAT.BA,43375.0,2024/10/24,16:57 ART,-50.0,43800.0,44025.0,43350.0,1414,,,,,,,
ICBP.JK,12650.0,2024/10/25,16:10 WIB,125.0,12550.0,12850.0,12525.0,3657800,,,,,,,
CFR.JO,261433.0,2024/10/25,15:06 SAST,-767.0,261756.0,262060.0,260265.0,20667,,,,,,,
T.BA,8740.0,2024/10/24,16:57 ART,-110.0,9000.0,9000.0,8650.0,2873,,,,,,,
HSBC.BA,26125.0,2024/10/24,16:10 ART,-75.0,26350.0,26350.0,26125.0,58,,,,,,,
PFE.BA,8430.0,2024/10/24,16:59 ART,-150.0,8570.0,8590.0,8400.0,9017,,,,,,,
VIC.VN,41550.0,2024/10/25,14:45 ICT,-500.0,42200.0,42300.0,41550.0,2067900,,,,,,,
RTX.BA,29550.0,2024/10/24,16:46 ART,-700.0,29900.0,29900.0,29500.0,78,,,,,,,
VPB.VN,20100.0,2024/10/25,14:45 ICT,100.0,20100.0,20200.0,20000.0,18005400,,,,,,,
GS.BA,47625.0,2024/10/24,16:56 ART,325.0,47400.0,47725.0,47250.0,569,,,,,,,
AMGN.BA,12350.0,2024/10/24,16:55 ART,-75.0,12425.0,12475.0,12325.0,137,,,,,,,
GAS.VN,70900.0,2024/10/25,14:45 ICT,-100.0,71000.0,71400.0,70900.0,322500,,,,,,,
FMX.BA,19000.0,2024/10/24,16:57 ART,-350.0,19225.0,19250.0,19000.0,25,,,,,,,
HPG.VN,26450.0,2024/10/25,14:45 ICT,0.0,26600.0,26650.0,26450.0,10672600,,,,,,,
TCB.VN,23500.0,2024/10/25,14:45 ICT,-150.0,23750.0,23850.0,23400.0,18284200,,,,,,,
VZ.BA,12350.0,2024/10/24,16:58 ART,-325.0,12600.0,12600.0,12200.0,7597,,,,,,,
PRX.JO,75613.0,2024/10/25,15:05 SAST,1068.0,74500.0,75649.0,74420.0,513946,,,,,,,
CAT.BA,22800.0,2024/10/24,16:54 ART,-50.0,23000.0,23000.0,22650.0,769,,,,,,,
QCOM.BA,18050.0,2024/10/24,16:57 ART,75.0,17800.0,18200.0,17800.0,14343,,,,,,,
TXN.BA,48700.0,2024/10/24,16:59 ART,725.0,48300.0,49000.0,48300.0,469,,,,,,,
AXP.BA,21175.0,2024/10/24,16:57 ART,-200.0,21350.0,21425.0,21100.0,1587,,,,,,,
CTG.VN,34600.0,2024/10/25,14:45 ICT,-250.0,34750.0,34800.0,34500.0,4542300,,,,,,,
GE.BA,26550.0,2024/10/24,16:58 ART,-425.0,26350.0,26925.0,26350.0,2226,,,,,,,
HDB.BA,38075.0,2024/10/24,14:45 ART,-100.0,37975.0,37975.0,37975.0,11,,,,,,,
IBM.BA,17175.0,2024/10/24,16:59 ART,-1300.0,18350.0,18350.0,17025.0,13196,,,,,,,
FPT.VN,134000.0,2024/10/25,14:45 ICT,-300.0,134300.0,134600.0,133600.0,1839000,,,,,,,
SONY.BA,2615.0,2024/10/24,16:57 ART,20.0,2625.0,2630.0,2585.0,5140,,,,,,,
ABT.BA,34350.0,2024/10/24,16:57 ART,-375.0,34525.0,34600.0,34275.0,405,,,,,,,
VHM.VN,43850.0,2024/10/25,14:45 ICT,0.0,44550.0,44650.0,43500.0,24552700,,,,,,,
ADBE.BA,12925.0,2024/10/24,16:57 ART,-125.0,13050.0,13350.0,12875.0,5980,,,,,,,
TMO.BA,29975.0,2024/10/24,16:55 ART,-975.0,30675.0,30675.0,29900.0,41,,,,,,,
MCD.BA,14825.0,2024/10/24,16:57 ART,50.0,14925.0,14925.0,14700.0,10534,,,,,,,
BBNI.JK,5650.0,2024/10/25,16:12 WIB,25.0,5625.0,5650.0,5550.0,20200300,,,,,,,
ASII.JK,5225.0,2024/10/25,16:14 WIB,-50.0,5275.0,5275.0,5200.0,27247500,,,,,,,
WFC.BA,15425.0,2024/10/24,16:57 ART,100.0,15250.0,15425.0,15250.0,1241,,,,,,,
TM.BA,13425.0,2024/10/24,16:57 ART,-175.0,13550.0,13575.0,13300.0,2384,,,,,,,
CSCO.BA,13150.0,2024/10/24,16:57 ART,-200.0,13375.0,13375.0,13125.0,1781,,,,,,,
NVS.BA,33400.0,2024/10/24,16:15 ART,-400.0,33600.0,33600.0,33400.0,7,,,,,,,
ANH.JO,113836.0,2024/10/25,15:06 SAST,-749.0,113767.0,114032.0,113323.0,186168,,,,,,,
AZN.BA,44800.0,2024/10/24,16:40 ART,-725.0,45200.0,45200.0,44800.0,774,,,,,,,
PEP.BA,11275.0,2024/10/24,16:57 ART,-100.0,11350.0,11400.0,11225.0,13068,,,,,,,
AMDCL.SN,146050.0,2024/10/23,10:06 CLST,-5227.0,0.0,146050.0,146050.0,0,,,,,,,
AMD.BA,18125.0,2024/10/24,16:59 ART,-25.0,18200.0,18350.0,18025.0,21411,,,,,,,
SHEL.BA,39200.0,2024/10/24,16:57 ART,-250.0,39525.0,39525.0,39050.0,200,,,,,,,
BHG.JO,49648.0,2024/10/25,15:05 SAST,373.0,49328.0,49698.0,49236.0,152242,,,,,,,
MRK.BA,24925.0,2024/10/24,16:57 ART,-375.0,25100.0,25150.0,24850.0,483,,,,,,,
CVX.BA,11100.0,2024/10/24,16:57 ART,0.0,11350.0,11350.0,11025.0,4757,,,,,,,
CRM.BA,18800.0,2024/10/24,16:58 ART,75.0,18800.0,19025.0,18725.0,756,,,,,,,
PANI.JK,14975.0,2024/10/25,16:13 WIB,775.0,14200.0,15150.0,14200.0,16475200,,,,,,,
SAP.BA,46725.0,2024/10/24,16:54 ART,225.0,46900.0,46900.0,46725.0,22,,,,,,,
BABA.BA,12625.0,2024/10/24,16:59 ART,-325.0,12750.0,12750.0,12525.0,42559,,,,,,,
BID.VN,47500.0,2024/10/25,14:45 ICT,-500.0,48050.0,48300.0,47500.0,1696500,,,,,,,
DSSA.JK,45000.0,2024/10/25,16:12 WIB,2000.0,43000.0,45400.0,42700.0,2551300,,,,,,,
KO.BA,15875.0,2024/10/24,16:59 ART,-225.0,16000.0,16100.0,15825.0,135537,,,,,,,
TLKM.JK,2910.0,2024/10/25,16:14 WIB,10.0,2900.0,2950.0,2900.0,50694200,,,,,,,
NFLX.BA,18500.0,2024/10/24,16:57 ART,0.0,18425.0,18650.0,18400.0,1797,,,,,,,
ABBV.BA,22350.0,2024/10/24,16:58 ART,100.0,22000.0,22550.0,22000.0,203,,,,,,,
IVVCL.SN,552250.0,2024/10/24,15:00 CLST,-2529.0,0.0,552250.0,552250.0,0,,,,,,,
NFLXCL.SN,720310.0,2024/10/18,13:30 CLST,89010.0,0.0,720310.0,720310.0,0,,,,,,,
SAN.BA,23500.0,2024/10/24,15:13 ART,-150.0,24200.0,24200.0,23400.0,64,,,,,,,
005935.KS,47650.0,2024/10/25,15:30 KST,-900.0,48550.0,48900.0,47550.0,1436706,,,,,,,
005930.KS,55900.0,2024/10/25,15:30 KST,-700.0,56000.0,56900.0,55800.0,25829315,,,,,,,
JNJ.BA,12875.0,2024/10/24,16:58 ART,-250.0,13125.0,13125.0,12825.0,5730,,,,,,,
COST.BA,21925.0,2024/10/24,16:57 ART,-275.0,22175.0,22175.0,21900.0,1151,,,,,,,
PG.BA,13300.0,2024/10/24,16:57 ART,-150.0,13325.0,13425.0,13275.0,2527,,,,,,,
HD.BA,14825.0,2024/10/24,16:51 ART,75.0,14800.0,14900.0,14700.0,733,,,,,,,
ORCL.BA,68650.0,2024/10/24,16:57 ART,50.0,71500.0,71500.0,68300.0,119,,,,,,,
MACL.SN,486450.0,2024/10/23,14:37 CLST,28707.0,0.0,486450.0,486450.0,0,,,,,,,
VCB.VN,91800.0,2024/10/25,14:45 ICT,100.0,92100.0,92300.0,91700.0,1051300,,,,,,,
XOM.BA,14100.0,2024/10/24,16:57 ART,-175.0,14200.0,14225.0,14050.0,2313,,,,,,,
V.BA,18525.0,2024/10/24,16:58 ART,-175.0,18675.0,18675.0,18475.0,4079,,,,,,,
JPM.BA,17625.0,2024/10/24,16:57 ART,-75.0,17975.0,17975.0,17475.0,3764,,,,,,,
BYAN.JK,17100.0,2024/10/25,16:00 WIB,-75.0,17175.0,17175.0,16975.0,29200,,,,,,,
WMT.BA,5450.0,2024/10/24,16:57 ART,-40.0,5510.0,5510.0,5420.0,15970,,,,,,,
BMRI.JK,7050.0,2024/10/25,16:14 WIB,75.0,6975.0,7050.0,6975.0,34637500,,,,,,,
AMMN.JK,9225.0,2024/10/25,16:14 WIB,0.0,9225.0,9400.0,9225.0,17530400,,,,,,,
BBRI.JK,4770.0,2024/10/25,16:13 WIB,-50.0,4820.0,4860.0,4780.0,195647800,,,,,,,
TSLACL.SN,243340.0,2024/10/24,14:20 CLST,5016.0,0.0,243340.0,243340.0,0,,,,,,,
LLY.BA,18850.0,2024/10/24,16:57 ART,-225.0,19200.0,19200.0,18725.0,2153,,,,,,,
TPIA.JK,9100.0,2024/10/25,16:13 WIB,100.0,9000.0,9300.0,9000.0,10234700,,,,,,,
AVGOCL.SN,170000.0,2024/10/22,10:16 CLST,0.0,0.0,170000.0,170000.0,0,,,,,,,
TSLA.BA,20450.0,2024/10/24,16:59 ART,3500.0,19300.0,20625.0,19300.0,584927,,,,,,,
TSM.BA,25900.0,2024/10/24,16:58 ART,-500.0,26350.0,26350.0,25850.0,2414,,,,,,,
BRKBCL.SN,439740.0,2024/10/22,10:10 CLST,0.0,0.0,439740.0,439740.0,0,,,,,,,
BRKB.BA,24575.0,2024/10/24,16:59 ART,-325.0,24900.0,24900.0,24425.0,19336,,,,,,,
BREN.JK,7275.0,2024/10/25,16:14 WIB,-125.0,7450.0,7550.0,7225.0,13699600,,,,,,,
BBCA.JK,10750.0,2024/10/25,16:14 WIB,50.0,10650.0,10750.0,10625.0,34847500,,,,,,,
METACL.SN,549300.0,2024/10/22,12:55 CLST,4675.0,0.0,549300.0,549300.0,0,,,,,,,
C.BA,24800.0,2024/10/24,16:57 ART,-200.0,24775.0,24875.0,24575.0,526,,,,,,,
AMZN.BA,1530.0,2024/10/24,16:59 ART,5.0,1520.0,1540.0,1515.0,557219,,,,,,,
GOOGL.BA,3320.0,2024/10/24,16:59 ART,-10.0,3330.0,3340.0,3290.0,243579,,,,,,,
MSFT.BA,16700.0,2024/10/24,16:59 ART,-125.0,16725.0,16850.0,16625.0,27608,,,,,,,
NVDACL.SN,132600.0,2024/10/24,14:39 CLST,52.0,0.0,132600.0,132600.0,0,,,,,,,
NVDA.BA,6900.0,2024/10/24,16:59 ART,0.0,6900.0,6980.0,6810.0,165106,,,,,,,
AAPL.BA,13600.0,2024/10/24,16:59 ART,-75.0,13650.0,13675.0,13500.0,56729,,,,,,,